,Date,Place,Title,Band,Open,Start
0,2018-01-05,梅田Zeela,～ななえ・あやかす presents～新年企画,"['鳥', '俺たち五銃士、SIPLACK「X」', 'ポップなパンクでパンパンズ', ""glay's diamond"", '大きなお友達ズ\t\t\t\r\n', 'Ida hair is good', 'KiLLER WHALE', 'SUKIMA', 'トゲトゲ光線', 'チームさまちゃん', 'どんぞこからのスタート']",13:15:00,13:30:00
1,2018-01-06,梅田Zeela,BASS ON TOP presents 大学ジョイントライブ Fruits Basket Vol.68,"['大和大学 軽音楽部', '大阪商業大学 軽音楽部', '神戸国際大学 軽音楽部', '阪南大学 Music Lovers', '神戸学院大学 フォークソング部', '大阪経済法科大学 軽音楽部', '太成学院大学 軽音楽部', '関西外国語大学(中宮キャンパス) 軽音楽部', '神戸学院大学 ギター部', '近畿大学 文化会軽音楽部音楽団\r\n', '関西大学(千里山キャンパス)  MCBB']",13:30:00,14:00:00
2,2018-01-07,梅田Zeela,OSAKA FUNK GRAMMAR Vol.0,"['[A→Z] FABULOUS VIBRATIONS', 'K-106', 'Muff', 'Heartful★Funks', 'ズクナシ', 'ナチュラルキラーズ', 'O.A: Amy // [FOOD] 北堀江 Soul Kitchen']",16:00:00,16:30:00
3,2018-01-08,梅田Zeela,梅田Zeela presents「Z-ワン！グランプリ」(いぬ年だけに、、、),"['ツキノスミカ', 'THESEDAYS', '残月ノ刃', 'The Uncrowned Union', '6 ball pockets', 'フリーハンド', 'Pince-Nez', 'octO']",16:00:00,16:30:00
4,2018-01-09,梅田Zeela,a day off,"['un-not(東京)', '寂しがり屋なピアニシモ', 'Colors to cooks', 'Crankbait,', 'GYPSY-02']",18:00:00,18:30:00
5,2018-01-10,梅田Zeela,YEAH BOY COMPANY pre シャツ発企画「イェーボーイの泉Vol.1」,"['YEAH BOY COMPANY（シャツ発）', '鬼矢色遼一朗', '絶倫太郎', 'EPIC MONSTER', '人事異動', 'ゼウス']",17:30:00,18:00:00
6,2018-01-11,梅田Zeela,"ONE,ワン,WONDERFUL!!","['ANIME GIRL', 'LeeNAMO', 'odayaka na kurasi', '忘憂', '※出演予定のRoley one Romanceはインフルエンザのためキャンセルとなりました。']",18:30:00,19:00:00
7,2018-01-12,梅田Zeela,FANTAGROUP Presents.「ファングルNOW」,"['FANTAGROUP', '【GUEST】 ONE☆DRAFT', 'ROYALcomfort', 'オープニングアクト：IKASA']",17:00:00,17:30:00
8,2018-01-13,梅田Zeela,"アイビーカラー""君が思い出になる頃""リリースツアーファイナル","['アイビーカラー', 'LUCCI', 'A11yourDays']",18:00:00,18:30:00
9,2018-01-14,梅田Zeela,KETSUKOMA 1st LIVE TOUR 2018～Amabile～,['KETSUKOMA'],18:00:00,18:30:00
10,2018-01-15,梅田Zeela,TSUBAZERIAI vol.1,"['Re:Answer', 'MAD 4 HERO', 'ARoots', 'SAVEwizOUT""', 'dps']",17:30:00,18:00:00
11,2018-01-16,梅田Zeela,Odyssey,"['CRY SIS', '82回目の終身刑', '三代目KONAMON', '星影エトセトラ', '我儘ラキア']",18:55:00,19:25:00
12,2018-01-17,梅田Zeela,IDO-LIVE!!mode.30,"['CRY SIS', 'mistress', 'NEVE SLIDE DOWN', '我儘ラキア', '(AtoZ)']",19:00:00,19:30:00
13,2018-01-18,梅田Zeela,Helter Skelter,"['my way my love', 'ELECTRIC MAMA', 'grunband', 'Eating Bread', 'The Phantom Films', 'TAMI']",17:30:00,18:00:00
14,2018-01-19,梅田Zeela,GROOVYROOMS 2017 AFTER PARTY!!!,"['[LIVE] CHAN-MIKA with A SEH ONE TONES,Safari sisters', 'YOKOYURE', 'チプルソ', 'Scarf & the SuspenderS', 'Soulflex', 'Hiplin(BAND SET)\r\n[DJ] DJ LIQUIDTIME MOVEMENT crew\r\n[FOOD] ツキノワカレー']",17:30:00,18:00:00
15,2018-01-20,梅田Zeela,第10回開催アニミティーライブ,"['自動人形楽団', '熱盛', '岸和田教団＆THE ダメ元ロケッツ', 'FLGM', 'fruitSand', '歌帖風月', '突起王♂', 'えもいの', 'UVERyarld']",14:00:00,14:30:00
16,2018-01-21,梅田Zeela,つぼロック！～miracle★ナイト～,"['THE SALA (茨城)', 'CRAWD', 'Parallel HOT DOG Camp', 'MAM', 'スーパーピースメーカーSZ']",17:30:00,18:00:00
17,2018-01-22,梅田Zeela,ROOM 225 vol.1 〜バウンダリー「now」リリースツアー〜,"['バウンダリー', 'i am you are', 'MASHÜ', '佐竹惇(frアイビーカラー)', '出演予定のEMPTY HEAD BRAVERSはインフルエンザの為にキャンセルとなりました。']",18:00:00,18:30:00
18,2018-01-23,梅田Zeela,ライブハウスは遊び場です。-powered by DAIGO IIMURO from FM802 RADIO∞INFINITY-,"['みそっかす', 'ドラマストア', 'アンテナ', ' [DJ] 野澤タクマ(LINE wanna be Anchors)', '[DJ&MC] 飯室大吾(FM802)']",18:30:00,19:00:00
19,2018-01-25,梅田Zeela,LAST ORDER～ハイボール濃いめで31杯～,"['SONG ORDER', 'HUL OVER', 'MEET ME SATURDAY', 'Ark Empty', 'Chiaki', 'fu-wa', 'Nothing Before /【SHOW CASE】鬼MUS']",16:30:00,17:00:00
20,2018-01-26,梅田Zeela,Ascension to Heaven,['Jupiter'],18:30:00,19:00:00
21,2018-01-27,梅田Zeela,嘉寿-YoshI-×BASS ON TOP梅田店PRESENTS「天Zeela祭～2018冬の陣～」,"['Southgram', 'ZYOLAM13', 'moremore', 'Ebony Vomits', 'EPIC MONSTER', 'Richard Roe', 'よほほ', '嘉寿-YoshI-']",15:00:00,15:30:00
22,2018-01-28,梅田Zeela,天 Rock Festival Vol.10,"['ROSY HEART', 'GRAVE', 'エピッド イブー', 'ビアンカ', 'ア・ラ・カルト', 'RED KINGS', 'じょへろ', '天Rock Band', '踊る天テコバンド']",15:30:00,16:00:00
23,2018-01-29,梅田Zeela,放送芸術学院専門学校 presents マンデーロック卒業編,"['アシガルユース', 'いつまでもそのテンポで', 'kasumi', '君がそうなら僕はこう', '超能力戦士ドリアン']",18:00:00,18:30:00
24,2018-01-30,梅田Zeela,SOULMATE vol.6 -UMEDA EXPLOSION EDITION-,"['ソウルフード', 'folca', 'QOOLAND', 'Pulse Factory', 'そこに鳴る']",18:00:00,18:30:00
0,2018-02-01,梅田Zeela,梅田Zeela presents「ど☆ダンサブル」～supported by NANIWAdelic～,"['ダブディフォー', 'shule And christmas', '大阪FUNKASTIC', 'JACK=ON=THE=FIDDLE', ' [MC] span!']",18:00:00,18:30:00
1,2018-02-02,梅田Zeela,Novelbright 4th Single「夜空に舞う鷹のように/秋桜」Release Tour Final & 再始動1周年記念ワンマンライブ,['Novelbright'],18:00:00,19:00:00
2,2018-02-03,梅田Zeela,THY ART IS MURDER&FIT FOR AN AUTOPSY JAPAN TOUR 2018,"['THY ART IS MURDER', 'FIT FOR AN AUTOPSY', 'Palm', 'Sailing Before The Wind', 'Vision of Fatima', 'Breathe my Words']",17:00:00,17:30:00
3,2018-02-04,梅田Zeela,"Alerion 1st EP ""Almenara"" release party ""BLESS FROM AGONY vol.3""","['Alerion', 'OLPHEUS', 'Unvision', 'Suggestions', ""DEVIL'S INLAY"", 'Chased by Ghost of HYDEPARK', 'C-GATE', '+ 1 more secret act (O.A.)']",16:30:00,17:00:00
4,2018-02-05,梅田Zeela,「梅田Zeela×OTONOVA ～予選会～ vol.1」,"['[A→Z] Alu.', 'HAYZ', 'the whimsical glider', '毛皮のさえこ']",18:00:00,18:30:00
5,2018-02-06,梅田Zeela,「梅田Zeela×OTONOVA ～予選会～ vol.2」,"['[A→Z] Ark Empty', 'Crunch Time', 'Cyanroom', 'MONEY MAKER', '一揆']",18:00:00,18:30:00
6,2018-02-07,梅田Zeela,「零code2周年記念ワンマンライブ〜３つの宝石〜」,"['零code', 'GourDollS (O.A.)']",19:00:00,19:30:00
7,2018-02-08,梅田Zeela,じぇい企画 軽音Ver. Vol.2～アコースティックの人がやる軽音企画～,"['たかはしょゆう', '月野うさぎ', 'むちゃくちゃisまさと', '相愛漁業組合', '柑橘家電', '［さみおの餃子］\r\n', 'それだけの話', '銀杏爆弾ばーん', 'フェミニーナ軟膏', 'ぱらもあ', 'BUNK OF PINCH', 'しゃしゃも\r\n', 'スパイダーマンホームカミング', '出演予定の(もこ)はキャンセルとなりました。']",12:45:00,13:00:00
8,2018-02-09,梅田Zeela,松岡卓弥 Valentine'sDay Tour♡2018 (DAYTIME LIVE),['松岡卓弥'],13:30:00,14:00:00
9,2018-02-09,梅田Zeela,松岡卓弥 Valentine'sDay Tour♡2018 (NIGHTTIME LIVE),['松岡卓弥'],18:30:00,19:00:00
10,2018-02-10,梅田Zeela,Cheeky Parade 6th Anniversary TOUR,['Cheeky Parade'],00:00:00,00:00:00
11,2018-02-11,梅田Zeela,「どるばこ」,"['しあすかなこ', 'ナラプロ', 'KOQTOS', 'Lapili', 'DXハンター']",16:00:00,16:30:00
12,2018-02-12,梅田Zeela,Jang Voila presents 宴 ～Continue to Jang Voila～,"['Jang Voila', 'WhiteCanvas', 'Re-Re-Re', 'Richard Roe', 'モリヤンキース', '＜サブステージ＞POMOMI', '友美＆サンミン', 'dookiekousuke']",16:30:00,17:00:00
13,2018-02-14,梅田Zeela,TSUBAZERIAI vol.2〜GLARE NOISE『REBIRTH』&RAVEN OUT 1st EP 『 PORALIS 』Release TOUR〜,"['GLARE NOISE', 'HUL OVER', 'ABLAZED', 'LAW OF LIBERTY', 'dps', 'coyδte(東京)', 'RAVEN OUT(名古屋)']",17:00:00,17:30:00
14,2018-02-15,梅田Zeela,Acapella Circuit Fes,"['サボテンパラダイス', 'Show!和!JUMP', 'だいばくはつ', 'Wienuts', 'SPADE', 'Mièrcoles', '黄昏のモアイ', 'Λale', 'Kujira', 'Snap', 'Freiheit', '仔羊のポワレ', 'TEN WITH A MISSION', 'MAD STAiRS', 'mjuk', 'Voice香澄', 'にんなあんな', 'つばき', 'Chou farci', 'ソウルバンド', '山吹', 'クロワッサン', 'blessCat', 'チョコメロ', 'HOTDOG Queeen\r\n', 'The Lavenders', ""OREO D'OL"", 'NeBoo', 'Neon Sign', 'シーチキンマヨネーズ', 'OFF to ON', 'かすみ', 'ニャホ・ニャホ＝タマクロー', 'アメリカ大陸の素揚げ', 'EastCHESTER.', 'プッタネスカ', 'ELBUORT', '爆髪JacK', 'おばばのしけったせんべい', 'D-room', '惑星タイマー', 'ハッチポッチステーション', '彗星蘭', 'べじたりあん', 'rui']",13:00:00,13:30:00
15,2018-02-16,梅田Zeela,Half time Old「発見と疑問」リリースツアー,"['Half time Old', 'Bermuda△', 'アイビーカラー', 'PLUMLORG', 'the shes gone']",18:00:00,18:30:00
16,2018-02-17,梅田Zeela,フルバケOBOG企画,"['ザ150回転ズ', 'ソコビエ', '中野 流人', 'Death parade', 'しゃしゃも', '蝶・花畑', 'まぴお世界観', '万事屋 /\r\n ふわふわどりーむ', '9ワリガタラッド', 'OMACHINKO', '脱獄ストライプス', 'ふぁみチキッ!!']",12:45:00,13:00:00
17,2018-02-18,梅田Zeela,L&P Attractive presents 『SEX GoD』東名阪 TOUR 2018,"['SEX MACHINEGUNS', 'NoGoD']",17:30:00,18:00:00
18,2018-02-19,梅田Zeela,セーヤ企画,"['夜のクリープジェネレーション', 'もこ', 'エデンの園', 'あこぎーず', 'The Casablancas', '反撃のおぱんちゅ', '¥ズ', '断崖絶壁', 'ソフトボール同好会']",12:00:00,12:25:00
19,2018-02-20,梅田Zeela,TOWER RECORDS 梅田大阪マルビル店　RECOMMEND LIVE「WE ARE LIVE FREAKS!」,"['Lenny code fiction', 'Pulse Factory', 'バンドハラスメント', 'RED in BLUE']",18:00:00,18:30:00
20,2018-02-21,梅田Zeela,今年1年間の成果、みてくれ！1回生企画！！,"['電通様 THE COCOA CIGARETTES(THE ORAL CIGARETTES)', '武庫女様 DEEPな奴ら(backnumber)', '大手前音楽部 ハウスジャバカレー(オムニバス)', '大工大様×武庫女様セッション 奴隷(WONCADOLE)', '大手前軽音部様 イバ×2(オムニバス)', '大手前音楽部 Spirodex(10-FEET)', '千里山シェルター様 イエローモンキー(チャットモンチー)', '樟蔭女子様 mikado(オムニバス)', '相愛様 にる・ゔぁーな(BLUE ENCOUNT、STRAIGHTENER)', '大手前音楽部 Laver.(HI-STANDARD)']",14:15:00,14:30:00
21,2018-02-22,梅田Zeela,大阪電気通信大学 文化会軽音楽部 2017年度 後期定期演奏会,"['きりん組46', 'ONE KS ROCK', 'コットン化粧水', ""glay's diamond"", 'THE COCOA CIGARETTES', '魚魚魚', 'THE BLACK HORN', '伊藤歌詞太郎', 'Help,me ユッケ！', 'RADOWIMPS']",13:45:00,14:00:00
22,2018-02-23,梅田Zeela,みんな大好きTHE SALA!!!!Ritterorden of THE SALA196ヶ国世界ツアー出撃式の前にZeelaでセンキューアイラビュしよ♡編,"['THE SALA', 'revenge my LOST', 'BxAxG', 'ソウルフード']",18:00:00,18:30:00
23,2018-02-24,梅田Zeela,今夜もやるっきゃNight企画,"['はなちゃそぴー', 'おちゃんく♡', 'メガデス', 'KNS00', '養豚場の刺客', 'メッセンジャーフロム世界', 'ちょっとも', '大塚製薬', 'スロープ海賊団', 'Hurly＊Burly', '宮本タクヤ疾風伝', '今夜もやるっきゃNight']",12:40:00,12:50:00
24,2018-02-25,梅田Zeela,JENNI 大阪ワンマンライブ ユニバーサルジェニージャパン,['JENNI'],16:30:00,17:00:00
25,2018-02-26,梅田Zeela,ソウルフードワンマンライブ バンドマン限定ギグ,['ソウルフード'],18:00:00,19:00:00
26,2018-02-27,梅田Zeela,しげ企画Vol.2-2 ～聖なるしげの贈り物～,"['Dooki house', 'ぱりのおすし', 'ざわざわ森の仲間達', 'Over Drive', 'voorval jabiko', 'A-yan（えーやん） /\r\n こんぺいとう', 'NIKUDIO', 'みつば', '猫のひげ', 'すごけん。', 'オオカミと少女', '雨の日のマルチーズ']",13:40:00,14:00:00
27,2018-02-28,梅田Zeela,Boys Innovation vol.9,"['Tigh-Z', 'VELLE.J', 'KEN./BUZZ-ER.', 'BRITZ', 'G.U.M', 'Wave', 'CHERRSEE', '3WAG', 'Dio Crave', 'A.G.E', 'KAZUYA（from VELLE.J）', 'O.A  B Mellow']",16:00:00,17:00:00
0,2018-03-01,梅田Zeela,新・春のバンド叩き売り祭り!!,"['童貞ズ', 'Landscape', 'Stray Dogs', 'Griffe de Hawk', '木曜日のうさぎ', 'Sink or Swim', 'GAN MEN', '恋するパンダ', 'Lasacr']",15:00:00,15:30:00
1,2018-03-02,梅田Zeela,ちゃーはん企画～最後だから好き放題しちゃうぞ～▲生誕祭ってやつやで▼,"['小林さんちのメンドラゴン', '[NIDONEDAME]', 'マシュマロで爆死', 'ちんちくりん', 'バンドやないで！\r\n', 'THE NINTH AFRO', 'チャニーズ', '浦の星女学院軽音部', 'Do:Do', '川崎教団&THE早漏ロケッツ', '爆殺炒めしズ', 'ちゅらごりくん']",00:00:00,00:00:00
2,2018-03-03,梅田Zeela,Thank you live,"['バンによるババンババンバンするバンド', '寒い日の31', 'asagaeri', 'こさかや可愛がっテナー', 'Hurly＊Burly', '藤井と友達になりたい方は前方にお集まり下さい', ""glay's diamond"", '青春太郎', '曽根崎サディスティック', 'ペンタゴン', '宮本TAKUYA∞疾風伝', 'ぽんぽこぽっこん']",13:15:00,13:30:00
3,2018-03-04,梅田Zeela,「SABUIVO」,"['Clan night mag', 'child skip', 'ラセン階段\t/ seriousπ', 'Dr.empty', 'アオボシ', 'Zililili', '[FOOD] エレクトロニカレー']",17:00:00,17:40:00
4,2018-03-05,梅田Zeela,chamのきまぐれナイトVol.12 ～愛と青春の日々～,"['O.A. ケツメイト', '《BAND》/ ガツコドットオパンツウェイ\t/ アポロズシンテット', 'Humpbank', '黒霧島', 'バンドだもん！', 'ココアシガレット', 'SUM関数\t', 'いとぅ棒立ちで演奏せんとっテナー \t\t\r\n相愛性理論', 'THE LOCAL MAGNETTES', 'Alice in 大手前 land', 'Mr.Chikubiren\t/ 《ACOUSTIC》', '雨の日のマルチーズ', '今岡ヒロト', 'しげたろう', 'ニシキヘビ', 'ボックス', 'BON']",00:00:00,00:00:00
5,2018-03-06,梅田Zeela,梅田Zeela×SOUND HOUSE RASPBERRY×OTONOVA 会場代表アーティスト決定戦,"['[A→Z] Crunch Time', 'Cyanroom', 'FiSHBORN', 'HAYZ', 'MONEY MAKER', 'sheme', '毛皮のさえこ']",17:00:00,17:30:00
6,2018-03-07,梅田Zeela,冬威企画 Vol.3 〜Homeward Bound～,"['Hey Den Study', 'ビーバー族', '奥野project', 'Six Pounds', 'ざ☆たっくほーん', '見た目怖いけどお酒弱いから優しくしてくれ', 'Taracot', '留年からEscape出来なかった×2', 'モトウキョウジヘン', 'スロープ海賊団']",12:45:00,13:00:00
7,2018-03-08,梅田Zeela,Fluss Insel presents MoshFESTA!! 2018,"['魔法少女エルレちゃん', '元RIAJU BUSTERS', 'ドルフィンがすぎる。', 'メラガイアー', 'ゆうたくん from JAM', '［SHANK］', 'トラフと海の藻屑たち', 'sum関数', 'Fluss Insel']",13:45:00,14:00:00
8,2018-03-09,梅田Zeela,DracoVirgo 1st LIVE TOUR ”Opportunity”,['DracoVirgo'],18:00:00,18:30:00
9,2018-03-10,梅田Zeela,MISSION IMPOSSIBLE OSAKA,"['ガールフレンド', 'バックホーン(意味深)', 'たまざらし""s', 'LEO', 'Aqua', 'Jam out Frau', 'はまぐりら', '卒業おめでとうズ 〜色々あったね･･･〜', 'MENTAI PARK', 'みねオカンGLAY', 'KilmiL', 'ワンサウザンドフィート']",12:40:00,12:50:00
10,2018-03-11,梅田Zeela,BACK-ON ONEMAN LIVE TOUR「NEW ERA」,['BACK-ON'],17:30:00,18:00:00
11,2018-03-12,梅田Zeela,YAKUJAM 2018,"['ウンコスラップ', 'SIMPSONS', 'Aerosumika', 'ゲスの極みマロニ。', 'PPP', 'EDAMAME GREEN BEANS', '超細胞', 'キュウショアマガミ', 'シャムシェイト', 'NECO touches the pools', 'TURKEY DANCE', ""\tWhat's up,katsuzetsu?!"", ' ＜DJ＞変態理科の先生', 'MARONY', '＜DANCE＞Error Three', 'I♡MAMA', 'ウツボ工業', '4代目 J soul brothers', 'しょーたそハウス']",13:30:00,13:50:00
12,2018-03-13,梅田Zeela,ACT ONE AGE〜『This LOVE』RELEASE TOUR 〜,"['ACT ONE AGE', ""Initial'L"", 'VOI SQUARE CAT', 'Sala']",17:30:00,18:00:00
13,2018-03-14,梅田Zeela,春の2回生三薬,"['10332', 'zack valane!', 'Big Bitch Bob', 'BEERGARDEN', 'TATSUKEYTALK', 'カリアゲと墓石とイケメン', '三薬ガールズコレクション', 'fuck number', '麒麟組', 'くっぴーらむね', '股間掻くピエロ', 'ゴロガモットツブレルンヤデイ', 'MP3']",00:00:00,00:00:00
14,2018-03-15,梅田Zeela,大阪医科大学 presents 大阪医科大学1回生ジョイント,"['high-tech number', 'SHOWA', 'YURURI GARDEN', 'ガキの使い', 'HPNOTIQ\t/ まいふぇらいずばっど', '\r\nShandy Gaff', 'even numer', '桃い公園', '凜として春雨', 'ローリング研究会', 'Masquerade Lovers', 'ゆにぞん', ' BUGRIGHT']",12:00:00,12:30:00
15,2018-03-16,梅田Zeela,【表冠】THE冠 表裏TOUR2018,['THE冠'],17:00:00,17:30:00
16,2018-03-16,梅田Zeela,【裏冠】THE冠 表裏TOUR2018,['THE冠'],19:30:00,20:00:00
17,2018-03-17,梅田Zeela,AR presents 「Beat-2018」,"['Rice', 'Karma', 'Kra', 'heidi.']",17:15:00,18:00:00
18,2018-03-18,梅田Zeela,AtoZ level.1 Ark Empty 2nd E.P[Innocent]リリースツアー,"['ABLAZED', 'RIGEL(富山)', 'Ark Empty', 'Annon', 'Nothing Before', 'Re:Vive', '[DJ] LtoZ', 'やまだあゆみ', 'amane(ハンバーガー屋さん)']",17:00:00,17:30:00
19,2018-03-19,梅田Zeela,こさ企画(仮),"['O.A. 明治の飴', 'MACA-BOOB', '学園都市モンキーズ', 'サヨナラアート', 'HELLNEAR', '肉山田ィスコ /\r\n 紅まどんな', 'おいわふぇいす', 'ぜんぶこさのせいだ。', 'spit z', 'ｽｰﾊﾟｰﾄﾞｩﾗｧｧｧｧｧｲ']",00:00:00,00:00:00
20,2018-03-20,梅田Zeela,医薬連2回生ジョイント,"['グレートゴリラ', 'マスオの本気パンツ', 'NICCHI IS CHICHEN', '亡きトミーを愛でる会', 'NICO Touches the Pool', '糞バン', 'inoue original～人生が変わる！９ミリ～', 'めいちゃんの執事', '青りんごさん', '五文ゴシップ', 'kpu!opu!7188', 'MINOH']",13:30:00,13:40:00
21,2018-03-21,梅田Zeela,松田 音楽教室 ジョイフルコンサート第9回,['松田 音楽教室'],13:00:00,13:30:00
22,2018-03-22,梅田Zeela,医療神大ジョイント,"['クアラルンプール', 'あららかると', ""B'Z〜EN〜GLAY"", 'あさの帝国', 'エビシュリンプマシーン', '\r\nserika', 'こめこめティータイム', 'ANCHAIN', 'えいひれ炙り焼き', 'KEYDALK', 'サディスティックアンナ']",13:45:00,14:00:00
23,2018-03-23,梅田Zeela,一回生三薬,"['クリームパイプ', 'datemegane', 'Shandy Gaff', 'go!go!0323', 'Sikent Siken', 'サキと愉快な仲間たち\r\n', 'unknown', 'あつまれ！優柔不断ピーポー', 'AlkaЯӧ', 'わんわんおくろっく', 'スーパールイージ', '唐崎セイマーズ']",12:45:00,13:00:00
24,2018-03-24,梅田Zeela,畿央大学 軽音楽部 卒業ライブ2018,"['TELLEGARDEN', 'ラブホテル', 'エビチリソース', 'テルバンド', 'おちんぽ☆きらりんレボリューション', 'ばくすい。', 'Hopscotch', '29boys', 'パンくず。', 'おいSP', 'Moebius']",14:00:00,14:15:00
25,2018-03-25,梅田Zeela,LIVE SHOWER 2018,"['Lapis Lazuli', 'やねうちバンド', 'ナチュリア', 'ATUSHI', 'グリチキ', 'SWINDLE']",16:00:00,16:30:00
26,2018-03-26,梅田Zeela,A SONG!!!!A MUSIC!!!!A LIVE!!!!,"['aivolic', 'reading note', 'UNIQUE PROJECT', 'ラパンテット', 'HORIZIC', '安藤大志']",17:30:00,18:00:00
27,2018-03-27,梅田Zeela,ROOM225 vol.2,"['RAF CHRONICLE', 'the Howl', '齋藤真生(UNIQUE PROJECT)', 'Suspended 4th', 'Without Crying']",17:30:00,18:00:00
28,2018-03-28,梅田Zeela,堂山CARNIVAL,"['[LIVE] ソウルズ', 'shule And christmas', 'Amy', 'Timie // [DJ] DJ Kimists (THE GAME SHOP,LIQUIDTIME MOVEMENT crew)', 'DJ Motty(梅田Zeela)']",18:30:00,19:00:00
29,2018-03-29,梅田Zeela,論理的な黄色い夜の誕生祭,"['chika', 'Aludy', 'No-Land', 'ハンドマン', 'THE JUNKIE JACKS', 'Dict.', 'キイロジカル', '隔たりと吐露(O.A)', ' 藤原優希は諸事情によりキャンセルとなりました。']",16:00:00,16:30:00
30,2018-03-30,梅田Zeela,医薬連3回生ジョイント Day１,"['from EVE', 'Ultra Sono Graphy', '俺らそんなセンスないで', 'プレミアムモルツ', 'とりど〜ん', '雑草', 'みまクロ', 'めいじフレンズ', 'ヤチープパイプ', 'toilet', 'Kyoro.et al']",13:15:00,13:30:00
31,2018-03-31,梅田Zeela,医薬連3回生ジョイント Day２,"['サイレントゴリラ', 'マイフェライズグッド', 'オムたけス', 'みかんチュール', '四回なってもゥチらズッ友だょ！', 'きみこの反撃', 'The centimeters', 'XENOGLOSSIA', '卜トトロ', 'The L.i.S.A. Project']",13:45:00,14:00:00
0,2018-04-01,梅田Zeela,嘘とカメレオン presentsにゃににゅにぇにょ～ご都合主義者は早起き～,"['嘘とカメレオン', '※本公演は嘘とカメレオン出演キャンセルの為中止となりました。', 'この出演キャンセルによるチケットの払い戻しの詳細はオフィシャルサイト（http://usokame.com/）をご覧下さい。']",17:00:00,18:00:00
1,2018-04-02,梅田Zeela,monday everybody,"['ナイトサファリ', '沈黙の幽霊', 'air conflict', 'Alu.', 'シゲ・ビシャス']",18:00:00,18:30:00
2,2018-04-03,梅田Zeela,群像とレイトショー,"['soratobiwo', 'the whimsical glider', 'the shes gone', 'カネヨリマサル', 'FiSHBORN']",17:30:00,18:00:00
3,2018-04-05,梅田Zeela,梅田Zeela pre.UNDER GROUND FIGHT!!!!vol.1,"['KOKI', 'Laxity', 'シェルミィ', 'Novelbright', 'HUL OVER']",18:00:00,18:30:00
4,2018-04-06,梅田Zeela,Fest -Season.4-,['我儘ラキア'],19:00:00,19:30:00
5,2018-04-07,梅田Zeela,OTONOVA2018「関西B・中国A・四国 セミファイナル グループ②」,"['[A→Z] chouchou', 'Crunch Time', 'GOOFY', 'sheme', 'Self-Portrait', 'トミタナナミ', 'ばすころみか', 'ヒトリルーム', '宮崎カナエ', 'やましたりな']",16:00:00,16:30:00
6,2018-04-08,梅田Zeela,ひつじウォーズ2018,"['POLU', '神田莉緒香', '門脇更紗', 'SEKIRARA', '死んでるねんガールズ', '我儘ラキア', 'WEAR', 'SPARK SPEAKER', ""Payrin's"", 'chocol8 syndrome', 'Cö shu Nie', 'DIALUCK', '密会と耳鳴り', 'ЯeaL', 'カヨコ', '林青空', '竹内アンナ', '萌々奈', 'WORLD WAND WOOD', '杏子', 'クアイフ', 'sympathy', '番匠谷紗衣', 'みるきーうぇい', 'Cure。', 'コシモトユイカ', 'とみぃはなこ', 'misoka', 'カノエラナ', 'ましのみ', 'スピラ・スピカ', 'Split end', 'イトカムトビコ', 'airlie', '毛皮のさえこ', 'SAPPY', '徳永由希とTHEゆとり逆団', '秒針', 'POP ART TOWN', 'My Girl', '未遂ドロップス', 'metro polica', 'BabySitter', 'UNIDOTS', 'KITANO REM', '午前３時と退屈', 'バウンダリー', 'みのべありさ', '優利香']",12:00:00,12:30:00
7,2018-04-09,梅田Zeela,ミテニサク,"['フリツモジ', '寂しがり屋なピアニシモ', 'アスミライ', 'AKANOTANIN', '曽川 沙也伽']",18:00:00,18:30:00
8,2018-04-10,梅田Zeela,TSUBAZERIAI vol.3,"['暴想ソプラノバイエルン', 'Re:Answer', 'こーた(ex.Stella cat)', 'WODEN JONES', 'EPIC MONSTER']",18:00:00,18:30:00
9,2018-04-11,梅田Zeela,FREE AROUND,"['FINDCREW', 'ARoots', 'ABLAZED', 'OLTER CURRENT', 'CraZy MaFF']",18:00:00,18:30:00
10,2018-04-12,梅田Zeela,WASSHOI音楽祭～ピーチ出戻りしましたver～,"['竹下麻衣子(I-RabBits)', 'ISATO&Daiki(LOCAL CONNECT)', 'Nobu&Yussan(Pulse Factory)', 'あおみどり(SOUTHBLOW)', '惇と彩恵(アイビーカラー)', '岡田勇希&成瀬陽介(LASTGASP)', 'Chiaki']",18:00:00,18:30:00
11,2018-04-13,梅田Zeela,「想奏ノスタルジア ~Osaka~」,['田澤孝介【サポートメンバー】Pf.山本裕太'],00:00:00,00:00:00
12,2018-04-14,梅田Zeela,COUPLING TOUR 2018 9BALL GAMES -3rd-,"[""THE MICRO HEAD 4N'S × defspiral""]",17:30:00,18:00:00
13,2018-04-15,梅田Zeela,CROSS OVER JAPAN 復興支援LIVE in 大阪vol.13 GIZZY presents〜Rockin' cover sonic〜,"['◆高橋まこと(ex:BOØWY/Dr) with BOØWY-respect-BAND', 'GIZZY (ZIGGY)', 'BARL (BOØWY) ※from 明石', 'momo De dou (THE BLUE HEARTS)', 'Dr.Feelman (BOØWY) ※from 熊本', '※(出演順不同)']",15:30:00,16:30:00
14,2018-04-16,梅田Zeela,New Age Survivor,"['Qyoto', 'Colors to cooks', 'Roley one Romance', 'FAREWELL MY FAITH', 'PARTY of the DAY', 'THE PAC']",17:30:00,18:00:00
15,2018-04-17,梅田Zeela,HUL OVER pre BATTLE ROAR Vol.3～OSAKAキタミナミDAY2開催!!!!～キタ編,"['HUL OVER', 'Validelight', 'GRANDSTAND', '齊藤真生(UNIQUE PROJECT)', 'FOR NEW ARRIVALs', 'The 3 minutes', 'RAVEN OUT', 'LAW OF LIBERTY 【DJ】My Generation! Crew ($HOTA, Di-sK, KIR.aya)', 'LINA', 'NON']",16:00:00,16:30:00
16,2018-04-18,梅田Zeela,"Femtocell 1st Full album""Substrate"" Release Tour - Circulation-","['Femtocell', 'Screech in2 the Rain.', 'Annon', 'Cloud Empty', '+ 1 more secret act (O.A.)']",18:00:00,18:30:00
17,2018-04-19,梅田Zeela,"return to ""zero"" with YAMINABE","['そこに鳴る', '豚乙女', 'Marmalade butcher', 'ATLAS MEMORY (O.A)']",18:00:00,18:30:00
18,2018-04-20,梅田Zeela,ユアネス presents「理想とはかけ離れた日常」,"['ユアネス', 'LINE wanna be Anchors', 'CRAZY VODKA TONIC']",18:30:00,19:00:00
19,2018-04-21,梅田Zeela,第12回開催 アニミティーライブ～3周年VOL.2～　,"['TONE TUNE', 'ビーフストロガノフ', 'stella', 'NiSA', 'すいーと♡ぽてと', 'C&W']",14:00:00,14:30:00
20,2018-04-22,梅田Zeela,第12回開催 アニミティーライブ～3周年VOL.2～　,"['イケヴォと中国人と奈良と掛け持ちバンドおにいさんズ', '生焼けステーキ', '特撮バンド（仮）/ Wハンバーグ＆エビフライ＆チキンソテーのプレート、ご飯大盛りデザート付き(仮)\r\n', 'Do As Animity(仮)', 'アラサー独身バンドパーティ！', '2次色SAKURA', '超スーパーズ(多)', 'N.L.C']",14:00:00,14:30:00
21,2018-04-23,梅田Zeela,MEET ME SATURDAY 6th Single Release～Anything Possible TOUR2018～,"['MEET ME SATURDAY（レコ発）', 'New Side Chapter', 'Chased by Ghost of HYDEPARK', 'Unvision', ""Ray'n Haze"", '$”Casper.']",17:30:00,18:00:00
22,2018-04-24,梅田Zeela,ライブハウスは遊び場です。-powered by DAIGO IIMURO from FM802 RADIO∞INFINITY-,"['Slimcat', 'THE LITTLE BLACK', 'THE TOMBOYS', 'Layne', '[DJ&MC] 飯室大吾(FM802)']",18:30:00,19:00:00
23,2018-04-25,梅田Zeela,HORIZIC 2nd mini album「天才じゃなかった君へ」 release tour2018!!!!～どっちのHORIZICでショー創世記～,"['HORIZIC（レコ発）', 'ソウルフード', 'GreenWorld', 'ヴォイスクラッカー', 'raciku', 'あくとわん']",17:30:00,18:00:00
24,2018-04-26,梅田Zeela,sally×梅田Zeela presents クロスカウンター vol.1,"['sally', 'ネコレクション', 'ダブディフォー', 'Arclight', 'UnderGlowver']",18:00:00,18:30:00
25,2018-04-27,梅田Zeela,FLYING FRIDAY,"['forgood', 'i am you are', 'The Phantom Films', 'Crunch Time']",19:00:00,19:30:00
26,2018-04-28,梅田Zeela,ベースオントップ大阪梅田店presentsウメダコネクション Vol.42,"['喜多方サーカス団', '超☆野獣 VS BlackCherryBoys', 'The White Ducks', 'Shannon', ""U's D@ys"", 'VitaminG', 'TOGANOBOYS', '【サブステージ】鳥煮亭曲']",15:30:00,16:00:00
27,2018-04-29,梅田Zeela,Dr.Mi-Ke PRESENTS『無料ヤブ医学会』〜関西圏におけるヤブ医学の有効性〜,"['Dr.Mi-Ke', '[スペシャルゲスト]', 'LCA!!!', 'スマイルアンドグッド', '(O.A.)ワダキョウダイ']",17:00:00,17:40:00
28,2018-04-30,梅田Zeela,NANIWAdelic＠梅田Zeela ～第1回Laugh & Peace Music Fes!～,"['ラニ―ノーズ', 'ラフ次元', 'ヘンダーソン', '見取り図 ', '馬と魚', '大村ジーニアス', 'KissBeeWest', 'Runny Noize']",18:00:00,18:30:00
29,2018-04-30,梅田Zeela,NANIWAdelic＠梅田Zeela～ゴールデンウィークアイドルSP～,"['ミライスカート', 'KissBeeWEST', 'Yes Happy!', 'SO.ON project', 'NEO BREAK', 'MC：エルフ']",11:30:00,12:00:00
0,2018-05-03,梅田Zeela,梅田Zeela presents NOISY IS GOLDEN,"['theseDays', 'サイハテ(仮)', 'Arte Macchina', 'Pince-Nez', 'Zililili', ""tha Marmillow's"", 'smoking birds', 'mami']",16:00:00,16:30:00
1,2018-05-04,梅田Zeela,シェルミィコンセプト型ツーデイズ単独見世物公演「あの子の生きたい日。」,['シェルミィ'],18:30:00,19:00:00
2,2018-05-05,梅田Zeela,シェルミィコンセプト型ツーデイズ単独見世物公演「あの子の死にたい日。」,['シェルミィ'],00:00:00,00:00:00
3,2018-05-06,梅田Zeela,「LoveLive Dream! 」,"[""Q'z"", 'ShowearS!', 'Innocents', 'ʚCieLɞ', 'SALVATORE with 冷奴']",17:00:00,17:30:00
4,2018-05-07,梅田Zeela,ROOM 225 vol.3,"['Crunch Time', 'Silentone', 'dead endの向こう側', '＋secret band']",18:00:00,18:30:00
5,2018-05-08,梅田Zeela,UMEDA EXPLOSION,"['Paparazzi Panic', 'film girl', 'Yohaku', 'フラスコテーション', 'Dict.', '沈黙の幽霊 ', 'ニキ']",17:30:00,18:00:00
6,2018-05-09,梅田Zeela,太陽のくしゃみ×梅田Zeela presents「Sneezee」,"['[LIVE] 太陽のくしゃみ', '隼Q', 'UNIQON', 'gotta neal experiment', 'Rawnie // [DJ] DJ LIQUIDTIME MOVEMENT crew(Kimists-THE GAME SHOP-,Yusaku,NESA) // [FOOD] 悪魔の果実']",18:30:00,19:00:00
7,2018-05-10,梅田Zeela,夏を待ちきれなくて supported by 夏福,"['forgood', 'Colors to cooks', '忘憂', 'CHIKIMARCH']",18:30:00,19:00:00
8,2018-05-11,梅田Zeela,綾目和人live tour「それは、“０”と“１”の間に。 」-大阪-,"['綾目和人', 'ザ・モアイズユー', 'OCEAN', 'Charmant coco']",18:30:00,19:00:00
9,2018-05-12,梅田Zeela,「原点回帰～なんばHatchへの道～」,['the Raid.'],17:30:00,18:00:00
10,2018-05-13,梅田Zeela,ストロベリーソングオーケストラ単独公演【15の異學】第1部「怨劇　家庭の異學～新約変」第2部「怒涛のヒットパレー怒」,['ストロベリーソングオーケストラ'],16:00:00,17:00:00
11,2018-05-14,梅田Zeela,FREE AROUND vol.2,"['GLARE NOISE', 'EMPTY HEAD BRAVERS', 'Annon', 'EPIC MONSTER']",18:00:00,18:30:00
12,2018-05-15,梅田Zeela,罪と罰ツアー〜一生クズの罪編〜,['ReVision of Sence'],18:30:00,19:00:00
13,2018-05-16,梅田Zeela,第３回ハウルよりハウラン方が絶っっっっっ対ええ夜!!!!,"['HUL OVER', 'Re:Vive', 'InCyder house rule', '+ 1 more secret act (O.A.)']",18:00:00,18:30:00
14,2018-05-17,梅田Zeela,Pulse Factory「ANTI HERO」ReleaseTOUR『HEROISM』,"['Pulse Factory', 'ISAAC', 'GRANDSTAND', 'VOI SQUARE CAT', '脳内リフレイン', 'PANIC in the BOX']",17:30:00,18:00:00
15,2018-05-18,梅田Zeela,Ark Empty 2nd E.P[Innocent E.P]Release Tour Final Dicentra3rd Single&1st E.P Release Tour The Foobars Everlasting Tour 2018,"['Ark Empty', 'ABLAZED', 'Cold Retriever(高知)', 'Dicentra', 'The Foobars(東京)']",18:30:00,19:00:00
16,2018-05-19,梅田Zeela,YAKROCK OSAKA in 梅田Zeela,"['響子の囲いず', 'チョコフェライズグッド', 'Q&P KOWA GOLD', '和歌山県立医科大学薬学部', '初心者バンド', '境界性人格障害', 'UNADON SQUARE GARDEN', '激しいのはお好き？', 'ペリープハイプ', 'NICCHI IS CHICKEN', '森下どエロ', 'Union Jack Collection', '嘘月(April fools)']",12:00:00,12:20:00
17,2018-05-20,梅田Zeela,【GIFTY決起集会】,['GIFTY'],16:30:00,17:00:00
18,2018-05-21,梅田Zeela,梅田Zeela pre.UNDER GROUND FIGHT!!!!vol.2,"['THE MUSMUS', 'Last Day Dream', '82回目の終身刑', 'LIBERATE', 'New Side Chapter']",00:00:00,00:00:00
19,2018-05-22,梅田Zeela,UMEDA EXPLOSION,"['タラレバ', 'Lailah', '嗜みロック', 'CAT ATE HOTDOGS']",18:00:00,18:30:00
20,2018-05-23,梅田Zeela,Today Never Knows vol.5,"['Fake In Act(fr.岡山)', '言ノ葉', 'Alu.', 'Dr.empty', 'UANDistory']",18:00:00,18:30:00
21,2018-05-24,梅田Zeela,Helter Skelter vol.2,"['my way my love', 'FIFTH-NEWHEAVY', ""O's"", 'クスリノリスク', 'TAMI', 'Narrow Neck Apes', 'WistaFernOst']",17:30:00,18:00:00
22,2018-05-25,梅田Zeela,尼崎Deepa16周年＠梅田Zeela,"['【尼崎DeepaStage】', 'aivolic', 'unknown last words', 'UN LUCK WIN', 'ヴォイスクラッカー', 'everyouth', '五陸守', 'she`s no you', 'Sacred Grizzly Struggle', 'forgood', 'HORIZIC', 'Re:Answer', 'ワービー＆サービー', '\r\n【phoenix act】', 'カムロ', '爆弾発音', 'BliteSevens', '【阪尼駅前Stage】/ 大塩悠貴(タラレバ)', 'kareru', 'ザ・ツイてるズ', 'じょーしん', 'ズートル森脇', '大道竣', 'DISKO', 'Nao', 'ひらたゆうや', '\r\n【DJ`s】 DJ変態理科の先生', 'フクテン', 'SLY', '鉄拳（来れたら）']",13:30:00,14:00:00
23,2018-05-26,梅田Zeela,THE BEETHOVEN 5th Anniversary ONEMAN TOUR 2018｢Masquerade｣,['THE BEETHOVEN'],17:30:00,18:00:00
24,2018-05-27,梅田Zeela,天 Rock Festival Vol.11,"['the 高松', 'Superior', '紅蓮.The.Oras', 'tacaci', 'MARIA', 'DIVE out of BASE', 'GRAVE', ""秋-YOSHI'S"", 'F.com']",15:30:00,16:00:00
25,2018-05-28,梅田Zeela,～RIGEL「OVER...」Release Tour～,"['Laxity', 'RIGEL（レコ発）', 'ほのかりん', '齊藤真生(UNIQUE PROJECT)', 'FIRE ARROW', 'artistic public']",17:30:00,18:00:00
26,2018-05-29,梅田Zeela,HORIZIC 2nd mini album「天才じゃなかった君へ」 release tour2018!!!!～MEET ME SATURDAY 6th Single Release～Anything Possible TOUR2018～ダブルレコ発編!!!!,"['HORIZIC（レコ発）', 'MEET ME SATURDAY（レコ発）', 'The Marriage Sky Blues']",18:00:00,18:30:00
27,2018-05-30,梅田Zeela,変態理科の先生 presents「理科フェス vol.2」,"['カヨコ', '密会と耳鳴り', '未遂ドロップス', 'LeeNAMO', 'Li-Net', 'FiSHBORN', '[DJ] 変態理科の先生']",17:30:00,18:00:00
28,2018-05-31,梅田Zeela,"LSN TOUR 2018 ""MODO-NOSTRA""",['LSN'],18:00:00,18:30:00
0,2018-06-01,梅田Zeela,セレイナアン　ワンマンLIVE,['セレイナアン'],18:30:00,19:00:00
1,2018-06-02,梅田Zeela,大薬ジョイント,"['ぎゃんかわピエロ', 'ペッパー警部', '酒一氣死團', 'Boso with HelloWorks', 'エモープハイプ', 'Dr.村人', 'ぽえぽえじじい', 'Rimanere la mid', 'みるくわろた', ""Nothing's Carved In Oups"", '紫クソババア(MKB)', 'THE OUPS CLINIC']",13:15:00,13:30:00
2,2018-06-03,梅田Zeela,「音めきLIVE」＠梅田Zeela,"['群青のユリシーズ', '新田真優子', 'Fiore/Pressi', 'リリシック学園', 'MAJESTIC MATES', 'Sugar&Solt', '神戸flavor', 'PREDIANNA', 'husky', 'アモレカリーナ大阪', '悪魔少女ふぁうすと★～Faust～', '西田早希', 'Bear in Mind', 'No Surprises（PiGU)', '京都flavor']",10:30:00,11:00:00
3,2018-06-03,梅田Zeela,「音めきLIVE」＠梅田Zeela,"['群青のユリシーズ', '新田真優子', 'Fiore/Pressi', 'リリシック学園', 'MAJESTIC MATES', 'Sugar&Solt', '神戸flavor', 'PREDIANNA', 'husky', 'アモレカリーナ大阪', '悪魔少女ふぁうすと★～Faust～', '一ノ瀬あかり', '森下華奈子', 'Bear in Mind', 'NoSurprises（PiGU)', '京都flavor']",16:30:00,17:00:00
4,2018-06-04,梅田Zeela,SELL'EM ALL TOUR,['SHADOWS'],19:00:00,19:30:00
5,2018-06-05,梅田Zeela,梅田の中心で愛を叫ぶVol.2,"['Icchie', 'The Marriage Sky Blues', 'UnderGlowver', 'ユウダイ(Milo Pensas)']",19:00:00,19:30:00
6,2018-06-06,梅田Zeela,ALL YOU NEED IS BLACK,"['#000000has_it_all.', 'RAF CHRONICLE', 'OLTER CURRENT', 'EPIC MONSTER', '暴想ソプラノバイエルン(GUEST)']",18:00:00,18:30:00
7,2018-06-08,梅田Zeela,梅田Zeela presents DJ's PARTY「HAPPY FRIDAY!!」,"['[DJ] MOTTY(梅田Zeela)', '変態理科の先生(梅田Zeela)', '名ブッカー鬼ヅッカー(梅田Zeela)', 'k2i', 'しづみ', 'LINA', 'LtoZ', 'Miya-z(memento森)', 'ふしゃ(Smile☆PLANET) // [テキーラガール] みがき(サディスティック仮面ちゃん)  // [バーテンダー] ピーチ(Zeela)']",20:00:00,20:00:00
8,2018-06-09,梅田Zeela,LOCAL CONNECT ONEMAN TOUR 無完成〜なんぼのもんじゃい⼤阪編,['LOCAL CONNECT'],17:30:00,18:00:00
9,2018-06-10,梅田Zeela,ROCKS BE AMBITIOUS 2018,"['Pulse Factory', 'KOKI', 'iMagic.', 'LASTGASP', 'THE Hitch Lowke', 'S!N', 'SILHOUETTE FROM THE SKYLIT', 'ISAAC', 'I-RabBits', 'ソウルフード/ カヨコ', 'Runny Noize', '我儘ラキア', ""Fo'xTails"", 'Yamakatsu', 'HUL OVER(WELCOME ACT)']",11:30:00,12:30:00
10,2018-06-11,梅田Zeela,梅田Zeela presents「Zeela LIVE QUEST vol.1」,"['アイビーカラー', '秒針', 'MokeraMokera', 'the Howl', 'film girl', 'the tiny // [MC] 飯室大吾(FM802)']",18:00:00,18:30:00
11,2018-06-12,梅田Zeela,第４回ハウルよりハウラン方が絶っっっっっ対ええ夜!!!!,"['HUL OVER', 'ANIME GIRL', 'AINSEL', '隠世ノ匣', '+ 1 more secret act (O.A.)']",18:00:00,18:30:00
12,2018-06-13,梅田Zeela,セッションライブしよう♪,['session11組'],00:00:00,00:00:00
13,2018-06-14,梅田Zeela,ソライロブランケット3rd mini album『今のすべて』＆アテレモ 配信single「ソソ」 Release Tour 梅田編,"['ソライロブランケット(仙台)', 'アテレモ(東京)', 'ダブディフォー', 'milopensas']",18:30:00,19:00:00
14,2018-06-15,梅田Zeela,“fear’s room”,['gibkiy gibkiy gibkiy x HOLLOWGRAM'],18:30:00,19:00:00
15,2018-06-16,梅田Zeela,「DAIDA LAIDAツアー2018〜Live is Beautiful〜」,['DAIDA LAIDA'],17:00:00,17:30:00
16,2018-06-17,梅田Zeela,Pimm's presents Special Live 〜Human Xrossing〜 in大阪,"[""Pimm's"", 'アキシブproject']",16:30:00,17:00:00
17,2018-06-18,梅田Zeela,UMEDA EXPLOSION ナキシラベ『phenomenon e.p.』release event,"['ナキシラベ', 'イトデンワ', 'forgood', 'Rurclara', 'Dict.', 'the whimsical glider']",00:00:00,00:00:00
18,2018-06-19,梅田Zeela,"NanoCryde 3rd.single ""つぎの街へ""Release Tour","['MEET ME SATURDAY', 'NanoCryde', 'Nothing Before', 'kraher', '+ 1 more secret act (O.A.)', '※CODE OF ZERO はキャンセルとなりました。']",17:30:00,18:00:00
19,2018-06-20,梅田Zeela,TSUBAZERIAI vol.4,"['MEET ME SATURDAY', 'MAD 4 HERO', 'バウンダリー', '※出演予定のFreaky Styley、HANABOBI、Unfitcooder、RINNEはキャンセルとなりました。']",00:00:00,00:00:00
20,2018-06-21,梅田Zeela,sally×梅田Zeela presents クロスカウンター vol.2,"['sally', 'マッハ', 'ウエダケイタ', 'THE PAC', 'ラセン階段']",18:00:00,18:30:00
21,2018-06-22,梅田Zeela,サディスティック仮面ちゃんpresents【仮面ちゃんとバビってみる！？】vol.1〜東名阪4マンツアー〜,"['サディスティック仮面ちゃん', '$”Casper.', 'chocol8 syndrome', '82回目の終身刑']",17:20:00,17:35:00
22,2018-06-23,梅田Zeela,『てんやわんや』な Cover Night !!,['Pell-Mell Rush'],15:30:00,16:00:00
23,2018-06-24,梅田Zeela,"BASS ON TOP大阪梅田店Presents
ウメダコネクション　Vol.43","['ツキノスミカ', 'Arte Macchina', 'ROBO&PEACE', 'Re:vive', 'Southgram', 'Pince-Nez ', 'よほほ', 'TOGANO BOYS']",15:30:00,16:00:00
24,2018-06-25,梅田Zeela,Zeela 4.5th Anniversary Hue`s『”How are you?』リリースツアー 〜Zeelaのど真ん中編〜,"['Hue`s', 'i am you are', 'EMPTY HEAD BRAVERS', 'grunband', 'ナイトサファリ']",18:00:00,18:30:00
25,2018-06-26,梅田Zeela,Boys Innovation vol.11,"['Tigh-Z', 'VELLE.J', 'Dio Crave', '熱血!!Acti部', 'WITH DOM', '新世紀えぴっくすたぁネ申', 'KEN.', 'BUZZ-ER.', 'マッシュアップ', 'A.G.E', '[O.A]Ryowook(from VELLE.J)', '[MC]DJ黒髪のリリー']",16:00:00,17:00:00
26,2018-06-27,梅田Zeela,BREAK THE ZEELA,"['Re:Answer', 'Goodbye Mozart', 'LAW OF LIBERTY', 'Annon', 'Will Find Ours']",18:00:00,18:30:00
27,2018-06-28,梅田Zeela,忘憂×梅田Zeela共同企画 「忘憂アセンションVer.C -孤独の夜レコ発-」,"['忘憂', 'ofuton', '筋肉少女ステーション', 'shule And christmas', 'さすらいナンバープレート', 'ginen']",17:30:00,18:00:00
28,2018-06-29,梅田Zeela,anfiel ONEMAN TOUR 2018 「KiLLER GOURMET」,['アンフィル'],18:00:00,18:30:00
29,2018-06-30,梅田Zeela,同人的ダメ系ライブ　豪・蛙音,"['ヘテロプロダクション', '井戸掘削部', 'ぷりんせす☆れいやあ', 'アニバサダー', 'ほーりーちゃんまいえんぱいあ', '魔法の※らんど', 'RAYGUNS', '海賊版戦隊セイクリッドヘキサゴン']",14:30:00,15:00:00
0,2018-07-01,梅田Zeela,BASS ON TOP presents SOUND SHOCK 2018 プレイベント -大阪編-,"['甲南大学 文化会軽音楽部', '大手前大学 軽音楽部', '兵庫教育大学 軽音楽部', '相愛大学 軽音楽部', '摂南大学 フォークソングmusic研究部', '近畿大学 文化会軽音楽部音楽団', '大手前大学 アコースティックサウンド部', '阪南大学 Music Lovers', '関西大学 Banditz']",13:30:00,13:45:00
1,2018-07-02,梅田Zeela,群像とレイトショー vol.2,"['chouchou', 'MANA(ABSTRACTION)', 'アスミライ', 'フェイクブルー', '【GUEST】My Girl(※都合により急遽アコースティック編成での出演になりました。)']",18:00:00,18:30:00
2,2018-07-03,梅田Zeela,Helter Skelter vol.3,"['Arclight', 'LODYPOPS', ""pajama d'red"", 'The Mayllows', 'Kangaroo note']",18:00:00,18:30:00
3,2018-07-04,梅田Zeela,Today Never Knows vol.6,"['ヴォイスクラッカー', 'UANDistory', 'ジンバジ', '芝岡翔梧']",18:30:00,19:00:00
4,2018-07-05,梅田Zeela,水都音楽祭×梅田Zeela pre.「sweet music award」,"['CHIKIMARCH', 'First Penguin', '言ノ葉', 'Zililili']",18:30:00,19:00:00
5,2018-07-07,梅田Zeela,MICBAM始動主催,"['MICBAM', 'マーブルヘッド', 'Deviloof', 'モルヒネ', 'Houts', '※出演予定のCANIVALですが、大雨による交通事情により出演キャンセルとなりました。']",00:00:00,00:00:00
6,2018-07-08,梅田Zeela,夏福2018,"['秋村充（ハートたち）', 'COSMOS', 'Slimcat', 'And Because', 'tonetone', '林青空', '大東まみ', 'SQOOKUM', '花柄ランタン', 'グッバイフジヤマ', '3markets[]', 'Andend boom', 'みのべありさ', 'ippuku', '白いアトリエ', 'sheme', '堤信二', 'Foi', 'びわ湖くん', 'yeti let you notice', 'Easycome', '大橋ちっぽけ', 'KITANO REM', 'Koochewsen', 'コシモトユイカ', '本棚のモヨコ', 'my beautiful slumber', '山口穂乃佳', '余命百年', 'ArtTheaterGuild', 'ofulover', '芝岡翔梧', 'the paddles', '松本幸太朗', '麻痺するポケット', 'Mr.Nuts', 'ULTRA CUB', 'Emu sickS', 'ソウルフード', '曽我部瑚夏', 'TANAKA OF THE HAMADA', '徳永由希とTHE ゆとり逆団', 'Transit My Youth', 'マイアミパーティ', 'レベル27']",12:00:00,12:00:00
7,2018-07-09,梅田Zeela,Naked Rock Star,"['アオトルカ', '惇と彩恵(アイビーカラー)', 'フジカワシンゴ(脳内リフレイン)', '稜(暴想ソプラノバイエルン) ', '池田雅弥(EMPTY HEAD BRAVERS)', '大道竣', '前田典昭(ソウルフード)\r\n/ ※出演予定の砂川信祐(OCEAN)は諸事情によりキャンセルとなりました。']",18:00:00,18:30:00
8,2018-07-11,梅田Zeela,FREE AROUND vol.3,"['UNMASK aLIVE', '#000000has_it_all.', 'EPIC MONSTER', 'UANDistory', 'Davinci(GUEST)']",18:00:00,18:30:00
9,2018-07-12,梅田Zeela,UMEDA EXPLOSION〜 i am you are「毒と薬になる言葉」発売記念〜,"['i am you are', 'Bray me', 'バウンダリー', 'CAT ATE HOTDOGS', 'forgood', 'タラレバ']",18:00:00,18:30:00
10,2018-07-13,梅田Zeela,"関西若手""ホロ狩り""の陣2018","['ホロ', '然れど', 'ゼノ', 'lical']",18:00:00,18:30:00
11,2018-07-14,梅田Zeela,【The origin of the Japanese progressive rock】,"['MOON DANCER', '＜厚見 麗 (key,vo)', '沢村 拓 (g,vo)', '下田 展久 (b,vo)', '佐藤 芳樹 (dr)＞', 'NOVELA-1(broke off)', '＜Vo/ANGIE', 'Gt/MOCK', 'Ba/YOSHIROW', 'Dr/EIJIRO', 'Key/TOSHI＞']",17:30:00,18:30:00
12,2018-07-15,梅田Zeela,Yoshiharu Shiina 20th Anniversary TOUR 「jump-ing」　※男性限定ライブ,['椎名慶治'],16:30:00,17:00:00
13,2018-07-16,梅田Zeela,1st Full Album「セプテンバーミー」リリースツアー「Plus Ultra Tour 2018」,"['セプテンバーミー', 'LIFriends']",18:00:00,18:30:00
14,2018-07-17,梅田Zeela,UMEDA EXPLOSION,"['キャストライト', '青春日和', 'Fake In Act', '佐久間丈幸 Z', 'ニキ', 'Kräher']",18:00:00,18:30:00
15,2018-07-18,梅田Zeela,ハロルド&梅田Zeela presents「HALLO!堂山CARNIVAL!」,"['ハロルド', 'YOKOYURE', 'Scarf & the SuspenderS', 'Newdums']",18:30:00,19:00:00
16,2018-07-19,梅田Zeela,FREE AROUND vol.4,"['MEET ME SATURDAY', 'UnderGlowver', 'RINNE', '嗜みロック', '※出演予定のcallslowは諸事情によりキャンセルとなりました。']",18:30:00,19:00:00
17,2018-07-20,梅田Zeela,THE SALA「MARCH」release tour～Final series～,"['THE SALA', 'revenge my LOST', 'I-RabBits', 'ザ・マスミサイル']",18:00:00,18:30:00
18,2018-07-21,梅田Zeela,TOUR THE WILD BUNCH!,['THE BLACK COMET CLUB BAND'],17:30:00,18:00:00
19,2018-07-22,梅田Zeela,きゃわふるTORNADO ONE MAN LIVE T-03 TOUR 〜夏のきゃわ騒ぎ・大阪編〜,['きゃわふるTORNADO'],15:30:00,16:00:00
20,2018-07-23,梅田Zeela,第５回ハウルよりハウラン方が絶っっっっっ対ええ夜!!!!～いつも以上に際立つ銀色ナイト～,"['HUL OVER', 'FAREWELL MY FAITH', '隠世ノ匣', 'DragonFly']",18:30:00,19:00:00
21,2018-07-24,梅田Zeela,Enterlyric 1st Full Album 「CEREMONY」 Release Tour -梅田編-,"['Enterlyric', 'Alu.', 'mäshü', 'イネムリだるま', 'Dict.']",18:00:00,18:30:00
22,2018-07-26,梅田Zeela,あんたもスマイリー〜今日から君もファンキーフレンズフォーエバー〜,['スマイリー高木とfunky friends&forever'],19:30:00,20:00:00
23,2018-07-27,梅田Zeela,A SONG!!!!A MUSIC!!!!A LIVE!!!!,"['ソウルズ', 'insomnia girl', 'FIRE ARROW', 'ダブディフォー', 'HORIZIC']",18:00:00,18:30:00
24,2018-07-28,梅田Zeela,LEO×CIMBA×Lugz&Jera 3MAN LIVE TOUR『Pink Lemonade Tour』,"['LEO', 'CIMBA', 'Lugz&Jera', 'AREA GUEST：真之介', 'OPENING ACT：mëme、Syamu']",17:00:00,17:30:00
25,2018-07-29,梅田Zeela,「イナズマゲート2018」,"['See Stadts', 'SEKIRARA', 'ソウルズ', 'ネノコクランク', 'FastingKillsAMIMADDO', 'FiSHBORN', 'meh meh white sheeps', 'Lahaha', '【MC】絶対的7%']",15:00:00,15:30:00
26,2018-07-30,梅田Zeela,梅田Zeela presents 「HAPPY MONDAY!!」,"['[DJ] MOTTY(梅田Zeela)', '変態理科の先生(梅田Zeela)', '名ブッカー鬼ヅッカー(梅田Zeela)', 'ジャガー西宮(fr.Amagasaki)', '$HOTA＠My Generation!', 'こけし', ' LINA', 'LtoZ', ' ゆりぬ', 'やまだあゆみ', 'Miya-z(memento森)', 'もすこ', '[飲ませたガール] ピーチ(梅田Zeela)']",20:00:00,20:00:00
27,2018-07-31,梅田Zeela,"CHASED BY GHOST OF HYDEPARK pre.[HUNTING GROUND -Phase1.5 Converge-] 2nd Single ""FEAR"" Release Tour","['CHASED BY GHOST OF HYDEPARK', 'SOUNDWITCH', 'RIGEL', '82回目の終身刑', 'HUL OVER', 'Cloud Empty']",17:30:00,18:00:00
0,2018-08-01,梅田Zeela,BREAK THE ZEELA vol.2,"['Re:Answer', 'EPIC MONSTER', 'dead endの向こう側', 'No Time']",18:00:00,18:30:00
1,2018-08-02,梅田Zeela,岩星×ゆか×けん企画,"['switch of gap', 'ねぇ？ミルチョ', '野田とフレンズ', 'めいみょん', '日大TACKLEGARDEN', 'BOOWZ', '\r\nOTOPY AND KENJY', 'おいしいパン', '藤井と友達になりたい方は前方へお集まりください', 'ゆかぶーん']",13:30:00,13:45:00
2,2018-08-03,梅田Zeela,DracoVirgo 2nd LIVE TOUR,['DracoVirgo'],18:30:00,19:00:00
3,2018-08-04,梅田Zeela,"嘉寿-YoshI-×BASS ON TOP梅田店ＰＲＥＳＥＮＴＳ
「天Zeela祭～2018夏の陣～」","['嘉寿-YoshI-', 'kottely crue', 'クルクルcrue', 'Panda Spike', '雨のちキャンディ', 'callslow', 'ZERØ GRAVITY', 'Ka:y@']",14:30:00,15:00:00
4,2018-08-05,梅田Zeela,BASS ON TOP 大阪梅田店 Presents ウメダコネクション Vol.44,"['GRAVE', 'LANSKY', 'ONYX', 'Chain Disaster', 'RED FRACTION', 'The member of the ビール党', 'よほほ', 'TOGANO BOYS']",15:30:00,16:00:00
5,2018-08-06,梅田Zeela,weekday's vacation ～mogsan『Summer Noodle』release tour 梅田編～,"['mogsan(東京)', '古今三奇人(東京)', 'Orient-Vesper', '青に晴れる']",18:30:00,19:00:00
6,2018-08-07,梅田Zeela,HOW WAS YOUR DAY?,"['ネコレクション', '.Room', 'Nodding,Over', 'foolrim']",18:30:00,19:00:00
7,2018-08-08,梅田Zeela,"NanoCryde ""僕らのユクエ"" Tour 2018","['NanoCryde', 'キャストライト', 'イズミアキヒロ', 'シークレットバンド']",19:00:00,19:30:00
8,2018-08-10,梅田Zeela,RENO TOUR 2018 IMAGE,['RENO'],18:30:00,19:00:00
9,2018-08-11,梅田Zeela,Gの集いVol.4〜最後のファイナルだ！〜,"['OH JESUS', 'GLAYCIA', 'G Top Out', 'Diamanté di gligio', 'THE GREATEST SHOWMAN', 'After the Rain', 'GLAY JUMBO', ""G'z(O.A.)""]",14:40:00,15:10:00
10,2018-08-12,梅田Zeela,天 Rock コピバンしようぜ!!　Vol.1 (天コピ),"['RED KINGS', '穴吸', 'ORANGE JAM', '田中坂416', 'まんだむ', 'ロリータ5号', 'マキシマイトZ', 'ザ・パンチドランカーズ', '踊る天テコBAND']",15:30:00,16:00:00
11,2018-08-14,梅田Zeela,えり企画,"['ゴリロック', '@bumpofatsuki', '感じるシバノ', 'NEKO Touches the Boys', 'うまい棒', 'マイヘアするしかない', '万事屋', 'ヤバイヤツラヤーサン', '市﨑', 'おらる']",13:30:00,13:45:00
12,2018-08-15,梅田Zeela,Zeela-盆-BA-YE,"[""tha Marmillow's"", 'smorking birds', 'ツキノスミカ', '0゜(アンディグリー)']",18:00:00,18:30:00
13,2018-08-16,梅田Zeela,真夏のZeela祭～BON・キュッ・BON～2018お盆最後の日,"['あくとわん', 'Mez-zo-forute', 'CAT ATE HOTDOGS', '嗜みロック', '+ 1 more secret act']",17:00:00,17:30:00
14,2018-08-17,梅田Zeela,HUL OVER presents.HULING vol.1,"['HUL OVER', 'aivolic', 'MOLE HiLL', '脳内リフレイン']",18:00:00,18:30:00
15,2018-08-18,梅田Zeela,在るべき邂逅,"['ケセナイナニカ', 'iNtElogiQ', 'ABSTRACTION(Acoustic ver.)', 'My Girl(Acoustic ver.)', 'ヒラカワリョウ', 'カムラ ミカウ', '徳永由希', '隔たりと、吐露。', 'シロノゼロ', 'MARK MY WORDS']",00:00:00,00:00:00
16,2018-08-19,梅田Zeela,LIVE SHOWER 2018,"['極東ブレインズ', 'Hongo☆REV-O-lution', '聖飢魔茶', 'TRUERIES', 'BLOOD BELLBURN', 'TCS']",16:00:00,16:30:00
17,2018-08-20,梅田Zeela,大阪電気通信大学 文化会軽音楽部 前期定期演奏会,"['水溜りボンド', 'エスカルゴズ', 'KMR41', 'ウエシマム ザ ホルモン', 'ポルノグラビィティ', 'GAME BOOWY advance', 'THE COLA CIGARETTES', 'RADOWINPS', 'きりん組', 'こっさん事故リティー']",12:30:00,13:00:00
18,2018-08-21,梅田Zeela,TSUBAZERIAI vol.5〜Ready at Dawn×AttractCrowd Wレコ発ツアー「八鬼夜行」〜,"['Ready at Dawn', 'AttractCrowd', 'MEET ME SATURDAY', 'ATLAS MEMORY', 'キミのエソラゴト']",18:00:00,18:30:00
19,2018-08-22,梅田Zeela,HORIZIC 2nd mini album「天才じゃなかった君へ」リリースツアーファイナル&3rd mini album「それでも信じる君へ」レコ発 聖戦記〜グレートウォー〜(大阪編),"['HORIZIC', 'THE SALA', 'ヴォイスクラッカー', 'ハイライト', 'UNIQUE PROJECT', 'EmyFeelin’Good', 'aivolic', 'TAKA(GreenWorld)']",16:00:00,16:30:00
20,2018-08-23,梅田Zeela,Yullie-Echo 「Cooee」Tour,"['Yullie-Echo', 'ラパンテット', 'The 3 minutes']",17:00:00,17:30:00
21,2018-08-24,梅田Zeela,アイビーカラー tour 2018 “夏の魔法にかけられて”,"['アイビーカラー', 'Half time Old', 'LOCAL CONNECT', 'goodtimes']",18:00:00,18:30:00
22,2018-08-25,梅田Zeela,LIVE-G TOUR 2018 G&L～Additional Show Time～,['ぐるたみん'],18:00:00,18:30:00
23,2018-08-25,梅田Zeela,LIVE-G TOUR 2018 G&L ～そんなふいんきで歌ってみた～,['ぐるたみん'],14:30:00,15:00:00
24,2018-08-26,梅田Zeela,PRIVATE PARTY,['-----------------'],00:00:00,00:00:00
25,2018-08-26,梅田Zeela,音めきLIVE,"['群青のユリシーズ', 'Fiore', '悪魔少女ふぁうすと★～Faust～', 'JOY VAN CREW', '愛夢GLTOKYO', 'husky', '星影エトセトラ', 'Obento Idole', 'Bear in Mind', '堀江学院 ほか']",10:30:00,11:00:00
26,2018-08-27,梅田Zeela,梅田Zeela pre.UNDER GROUND FIGHT!!!!vol.3,"['カミツキ', 'CODE OF ZERO', 'ANIME GIRL', 'Any Doubt', 'LeeNAMO', 'Dicentra']",17:30:00,18:00:00
27,2018-08-28,梅田Zeela,Madwink. PRESENTS ゴシップ単独公演TOUR2018 「鬼畜生-ONICHIKUSHOW-」,['鬼畜ゴシップ-キチクゴシップ-'],17:30:00,18:00:00
28,2018-08-29,梅田Zeela,EPIC MONSTER CD発売企画『Epic First Quest』〜ひのきの棒でどう戦う！？〜,"['EPIC MONSTER', 'FAREWELL MY FAITH', 'Annon', 'ARoots', 'Notes']",18:00:00,18:30:00
29,2018-08-30,梅田Zeela,sally×梅田Zeela presents クロスカウンター vol.3,"['sally', 'in state', '空中投歌', 'grunband', 'ワダアツシ']",18:30:00,19:00:00
30,2018-08-31,梅田Zeela,Summer of Deception Fest 2018 Osaka,"['Victim of Deception', 'Last Day Dream', 'Paledusk', 'FOAD', 'Sable Hills', 'abstracts', 'Auer Last Night Walker', 'SEIZE THE THRONE', 'Suggestions', '[O.A]BANE']",13:30:00,14:00:00
0,2018-09-01,梅田Zeela,ざこけんジョイント,"['治安継続委員会', 'ガバガバガール', 'さきんこのフレンズ', 'SAYURITIAN X', 'イナ・サティフォ', 'Aoi Oyama Identity', 'あしべとガラゴ', 'Union Jack Collection', 'モテる野口のディレイ講座', 'BREAKING ASSHOLE', 'Low Guy is Good', '大人ミルク']",13:15:00,13:30:00
1,2018-09-02,梅田Zeela,KAYOKO ONE MAN TOUR 2018 「Plug-in 0 for ∀」vol.4～on a journey〜,['カヨコ'],17:15:00,18:00:00
2,2018-09-02,梅田Zeela,ReoNa「SWEET HURT」発売記念リリースイベント,['ReoNa'],11:30:00,12:00:00
3,2018-09-03,梅田Zeela,NANIWAdelic＠梅田Zeela～Ruuny-TRIBE～,"['Runny Noize', 'revenge my LOST']",18:30:00,19:00:00
4,2018-09-04,梅田Zeela,Fruits Basket Vol.73,"['同志社女子大学 軽音楽部', '関西大学(千里山キャンパス) 千里山シェルター', '大手前大学 軽音楽部', '大阪医科大学 軽音楽部', '阪南大学 Music Lovers', '大阪電気通信大学 軽音楽部', '大阪府立大学 なかもず軽音楽部', '大阪経済法科大学 軽音楽部', '太成学院大学 軽音楽部', '大阪工業大学(枚方キャンパス) 情報科学部軽音部', '関西外国語大学(中宮キャンパス) 軽音楽部', '和歌山大学 軽音楽部']",13:45:00,14:00:00
5,2018-09-05,梅田Zeela,Music Quest オーディションライブ2018,"['豊胸事変', 'ice climber', 'Loud Climb City', 'ジブリメタル', 'Le Miel', 'また坊感謝バンド']",15:00:00,15:30:00
6,2018-09-06,梅田Zeela,Today Never Knows,"['イズミアキヒロ', 'イネムリだるま', 'Dr.empty', 'Zililili', 'SEASIDE CIRCUIT']",18:00:00,18:30:00
7,2018-09-07,梅田Zeela,梅田の中心で愛を叫ぶVol.3～ザ・クレーター TOUR 2018「BAND MAGIC IS THIS！」～木村結香1st Album「アオノセカイ」release tour 2018〜キミとメグルセカイ〜,"['ザ・クレーター', '木村結香', 'HORIZIC', 'Icchie', '絶倫太郎']",17:30:00,18:00:00
8,2018-09-08,梅田Zeela,OSAKA FUNK GRAMMAR 2018,"['ズクナシ/ Neighbors Complain', 'Shunské G & The Peas', 'BimBamBoom', 'ナチュラルキラーズ', '大阪FUNKASTIC', 'Just Monkey', 'Heartful★Funks', 'Silky藤野 Special Band With 清水興', 'モミーFUNK!', 'K-106', 'Muff', '踊る!ディスコ室町', 'Amy', 'GROOVE SKOOL']",13:30:00,14:00:00
9,2018-09-09,梅田Zeela,"ONEMAN SHOWS ""TRY""",['The Winking Owl'],18:00:00,18:30:00
10,2018-09-10,梅田Zeela,MAINTENANCE,['--------------------'],00:00:00,00:00:00
11,2018-09-11,梅田Zeela,Fruits Basket Vol.73,"['大阪医科大学 軽音楽部', '大阪電気通信大学 軽音楽部', '大阪府立大学 なかもず軽音楽部', '大阪経済法科大学 軽音楽部', '太成学院大学 軽音楽部', '大阪工業大学(枚方キャンパス) 情報科学部軽音部', '神戸国際大学 軽音楽部']",14:15:00,14:30:00
12,2018-09-12,梅田Zeela,HAPPY WEDNESDAY!!,"['MOTTY(梅田Zeela)', '変態理科の先生(梅田Zeela)', '名ブッカー鬼ヅッカー(梅田Zeela)', 'KAR', 'LINA', 'もすこ', 'NA2MI', 'やまだあゆみ']",20:00:00,20:00:00
13,2018-09-13,梅田Zeela,カイト企画第一段〜無所属が笑う頃に〜,"['The compliance', 'スーパーコツメカワウソ.com', '雪色魚の芽', 'ししゃもんちー', '橋本龍', 'デリヘル呼んだらみのりんが来た', ""Here's Johnny!"", '最強(さいつよ)ガールズバンド卍', 'ガーデニングクラブ', 'オレカシ', 'Yukumm Parabellum Bullet']",13:45:00,14:00:00
14,2018-09-14,梅田Zeela,unidentified circle〜未確認の輪〜,"['reading note', 'tenoto', 'butterfly inthe stomach']",18:30:00,19:00:00
15,2018-09-15,梅田Zeela,Pulse Factory シングル発売記念ワンマン大阪編,['Pulse Factory'],18:00:00,18:30:00
16,2018-09-16,梅田Zeela,『HEAVEN'S HERE 2018　～Thank you for...～』,"['Richard Roe', 'WONDER CITY BOYS', 'EPIC MONSTER', 'よほほ', 'gfb', 'ツキノスミカ']",15:30:00,16:00:00
17,2018-09-17,梅田Zeela,爆音Syndicate × Mr. Pepper Presents 「Spice of Life -IMPULSE-」,"['◼️ARTIST◼️', 'NANJAMAN', '導楽', '◼️BACKING BAND◼️', '拳POWA BAND（DRUM: Kon Ken(YOUTH OF ROOTS)/BASS: Chalis(MEDZ)/KEYBOARD: Mayumi/GUITAR: Satoshi(YOUTH OF ROOTS)）', '◼️SOUND◼️', 'ST & Tappoi fr. Hacnamatada', 'DownTown', 'VINYL CREATOR CREW']",17:00:00,17:00:00
18,2018-09-18,梅田Zeela,TSUBAZERIAI vol.6,"['Freaky Styley', 'ジャスパー', 'OLTER CURRENT', 'Re:vive', 'Re:Answer', 'MEET ME SATURDAY']",18:00:00,18:30:00
19,2018-09-19,梅田Zeela,"TSUBAZERIAI vol.7〜FoD ""Story Of Dawn"" release tour〜","['Freaky Styley', 'ジャスパー', 'RINNE', 'UANDistory', 'アオトルカ', '橙乃祐理', '嗜みロック', 'Faith of Destruction']",17:00:00,17:30:00
20,2018-09-20,梅田Zeela,Each one's anthem,"['TURBOBIER (from Austria)', 'トラベリング(東京)', 'Greenhorn Lullaby', 'ジンバジ', 'Northern Factory']",17:30:00,18:00:00
21,2018-09-21,梅田Zeela,Jupiter TOUR「Theory of Evolution ～chapterⅠ～」,['Jupiter'],18:30:00,19:00:00
22,2018-09-22,梅田Zeela,ROYALpark,"['ROYALcomfort', 'そよかぜ', 'LIFriends', '四季彼方', 'O.A.STREET ACADEMY']",18:00:00,18:30:00
23,2018-09-23,梅田Zeela,神大ジョイント,"['れでぃめいづ', 'CHILD♡PLAY', 'ゼロカロリー理論', '米津卍師', 'NICCHIGARDEN', ""Rubik's Cube AKIYAMA"", 'Co’mon(肛門)', 'ますみと弟子と', 'Mimix', 'No.1nsidents 2', '_t_k_y__from 凛としたLUNA(⚠送料かかります。) ', 'メンヘラスイッチ', '未読無視 is bad']",13:15:00,13:30:00
24,2018-09-24,梅田Zeela,IDOL SHOWER 2018,"['いのうえまなみ', 'pomme rose', 'Honey Melody', 'All de made', 'iDEAL', 'マリーナブルー', '松乃愛理 from 慟哭ideal']",11:00:00,11:30:00
25,2018-09-24,梅田Zeela,IDOL SHOWER 2018～いのうえまなみ生誕SP～,"['いのうえまなみ', 'pomme rose', 'Honey Melody', 'All de made', 'iDEAL', 'マリーナブルー', '松乃愛理 from 慟哭ideal', 'マリンスノウ']",16:30:00,17:00:00
26,2018-09-25,梅田Zeela,ライブハウスは遊び場です。-powered by DAIGO IIMURO from FM802-,"['THEラブ人間', 'シンガロンパレード', 'ムノーノ=モーゼス', 'レベル27', '[DJ&MC] 飯室大吾(FM802)']",18:00:00,18:30:00
27,2018-09-26,梅田Zeela,UMEDA EXPLOSION,"['然れど', 'リフレクト・リフレイン', 'First Penguin', ""Origin's Note"", 'Dict.', 'CAT ATE HOTDOGS']",18:00:00,18:30:00
28,2018-09-27,梅田Zeela,CRCK/LCKS 3rdEP『Double Rift』リリースツアー,"['CRCK/LCKS', 'SIRUP', 'YOKOYURE']",18:30:00,19:00:00
29,2018-09-28,梅田Zeela,GH presents「走馬灯」,"['GABセッション', '零(ex.REVINE)セッション', 'EviLA', 'ラガディ', '午前零時。']",00:00:00,00:00:00
30,2018-09-29,梅田Zeela,ちょこみるくジョイント,"['燃えよオルゴグラード', 'しめさば', 'VODKATONICCHI', 'メアリは呑みたい。', 'The Bigging', 'シネマックスミマ', 'ぞーさんバンド', '南雲チルドレン', 'SLIM OPANTY', 'キュウリカミカミ', '森のバター', '通行する足']",13:15:00,13:30:00
31,2018-09-30,梅田Zeela,Far East Dizain/JILUKA 東名阪 2MAN TOUR「FED × JLK」,"['Far East Dizain', 'JILUKA']",17:30:00,18:00:00
0,2018-10-01,梅田Zeela,TSUBAZERIAI vol.8 ~Some Life Poo tour 2018〜,"['Some Life', 'HUL OVER', '#000000has_it_all', 'Will Find Ours', 'Silentone', 'wagomu']",17:30:00,18:00:00
1,2018-10-02,梅田Zeela,MokeraMokera&メランコリーメランコリー presents「Win-Win」,"['MokeraMokera', 'メランコリーメランコリー', 'ippuku', 'the tiny', '立ち耳スコティッシュフォールド', '秒針']",17:30:00,18:00:00
2,2018-10-04,梅田Zeela,変態理科の先生 presents「理科フェス vol.3」～先生 LEVEL38～,"['暴想ソプラノバイエルン', 'ダブディフォー', '寂しがり屋なピアニシモ', 'TAMIW', '忘憂', 'Zililili', 'ジャガー西宮']",17:30:00,18:00:00
3,2018-10-05,梅田Zeela,The Unguided Japan Tour 2018,"['The Unguided(Sweden)', 'BLOOD STAIN CHILD', 'Unveil Raze']",18:00:00,18:30:00
4,2018-10-06,梅田Zeela,Pop Session Party! ～関西音ゲーセッション＆ライブ～,['音ゲーセッション演奏者'],00:00:00,00:00:00
5,2018-10-07,梅田Zeela,BRITZ One Man Live Tour 2018-KISEKI-,['BRITZ'],15:00:00,15:30:00
6,2018-10-07,梅田Zeela,Tigh-Z One Man Live Tour 2018〜staring at you〜 produce by 井上奨【振替公演】,"['Tigh-Z', ' [ Guest Act ]H↑BLiNK']",18:30:00,19:00:00
7,2018-10-08,梅田Zeela,Sick² 『ミーハーを葬る唄』発売記念企画『ミーハーを葬る夜』,['Sick²'],18:00:00,18:30:00
8,2018-10-09,梅田Zeela,UMEDAホエール,"['And Because', 'ネコゼ', 'the Howl', 'イズミアキヒロ', '不良少年']",18:00:00,18:30:00
9,2018-10-10,梅田Zeela,NANIWAdelic＠梅田Zeela～爽快メロディックNight～,"['Any Doubt', 'HORIZIC', 'MEET ME SATURDAY', 'MC：ヘンダーソン']",18:00:00,18:30:00
10,2018-10-12,梅田Zeela,AXXX1S 東名阪ツアー in大阪,['AXXX1S'],16:30:00,17:00:00
11,2018-10-13,梅田Zeela,44MAGNUM 35th ANNIVERSARY,['44MAGNUM'],17:00:00,18:00:00
12,2018-10-14,梅田Zeela,X.Y.Z.→A デビュー19周年記念 東名阪ツアー「The Countdown To 20th Anniversary」,['X.Y.Z.→A (Vo. 二井原実/G. 橘高文彦/B. 和佐田達彦/Ds. ファンキー末吉)'],17:00:00,17:30:00
13,2018-10-15,梅田Zeela,BREAK THE ZEELA vol.3,"['ARoots', 'Re:vive', 'EPIC MONSTER', 'No Time', 'Desire for Escape']",18:00:00,18:30:00
14,2018-10-16,梅田Zeela,BREAK THE ZEELA vol.4,"['Without Crying', 'Giftpliz', '嗜みロック', 'Nebula', '※ 出演予定のRe:Answerは、諸事情によりキャンセルとなりました。']",18:00:00,18:30:00
15,2018-10-17,梅田Zeela,緊急集会,['Pulse Factory'],19:00:00,19:30:00
16,2018-10-17,梅田Zeela,HAPPY WEDNESDAY!!,"['MOTTY(梅田Zeela)', '変態理科の先生(梅田Zeela)', '名ブッカー鬼ヅッカー(梅田Zeela)', 'ジャガー西宮(梅田Zeela)', 'Miya-z', 'NA2MI', 'ゆりぬ', 'こけし', 'みさきち']",20:30:00,20:30:00
17,2018-10-18,梅田Zeela,UMEDA EXPLOSION-振り返れば奴がいる-ナキシラベ「phenomenon e.p.」release tour,"['the whimsical glider', 'ナキシラベ(小田原)', 'イトデンワ(東京)', 'i am you are', '沈黙の幽霊', 'イズミアキヒロ', 'Rurclara', 'Dict.']",17:00:00,17:30:00
18,2018-10-19,梅田Zeela,SAISHIN GA SAIKYO TOUR 2018,"['PRAISE', ' NOTHING TO DECLARE', 'revenge my LOST', 'Ailiph Doepa', 'GOODBYE TO THE HERO']",18:00:00,18:30:00
19,2018-10-20,梅田Zeela,6 ball pockets presents 『６道輪廻』,"['6 ball pockets', 'THE SOUL JUNKIES', 'SMASH YOUTH', 'THE ORANGE PRESIDENT', '杏カンパジー', 'ClipNote', 'blow by bear just like SAMURAI sword', 'ONOSPUNGENLOVE']",16:30:00,17:00:00
20,2018-10-21,梅田Zeela,「鈴木康博 SOLO LIVE 2018 ～男70！！ 燃ゆる心あるかぎり～」,['鈴木康博'],16:30:00,17:00:00
21,2018-10-22,梅田Zeela,reading note presents「otonication」vol.12,"['reading note', 'Self-Portrait', 'ハシグチカナデリヤ', 'YOSHIHIRO(ex.ギルド)', 'PRIMAL CURVE']",18:00:00,18:30:00
22,2018-10-23,梅田Zeela,Boys Innovation vol.13,"['VELLE.J', 'G.U.M', 'ONE DAY（東京）/ DIO CRAVE', 'A.G.E', 'ARCUS', 'SKY OF JAPAN']",17:00:00,18:00:00
23,2018-10-24,梅田Zeela,[UNIQUE PROJECT Presents “EACH NOIZE”Release Event「EACH NOIZE」 ],"['UNIQUE PROJECT', 'THE SALA', 'HUL OVER', 'naco is...', 'TIMELINE', 'MOLE HiLL', 'Chased by Ghost of HYDEPARK', ' ※予定していましたkayto[カイト]の出演は、事情により中止となりました。']",16:30:00,17:00:00
24,2018-10-25,梅田Zeela,MAGIC HOUR,"['言ノ葉', 'First Penguin', 'イネムリだるま', ""tha Marmillow's"", 'キミのエソラゴト']",18:00:00,18:30:00
25,2018-10-26,梅田Zeela,HALL RENTAL,['------------'],00:00:00,00:00:00
26,2018-10-27,梅田Zeela,ボブたんジョイント,"['PReTZ', '1000feet', 'わかちこ参上', 'ちくわ同盟', 'あふたけんし', '君と羊とてらし', '爆裂マスオさん', '椎名林檎同好会', '藤原基央同好会', 'もぅﾏｼﾞ無理ﾘｽｶしょ。。。', '萌、月子、なる〜〜〜！！！！', 'ココアシガレット']",13:15:00,13:30:00
27,2018-10-28,梅田Zeela,BASS ON TOP大阪梅田店Presents ウメダコネクション Vol.45,"['gfb', '@flower', '穴吸', ""D'RoP-D"", 'aloё', 'JAM SPIRITS', 'shandy Wz ', 'TOGANO BOYS', '【SPECIAL GUEST】Yukio Murata Acoustic Set.(mywaymylove, U- re:x, THE MORTAL)']",15:30:00,16:00:00
28,2018-10-29,梅田Zeela,2018年度、Zeelaが選ぶ”イチ推し若手バンド”集会 Zeela POWER PUSH 2018,"['アメノイロ。', 'さすらいナンバープレート', '徳永由希とTHE ゆとり逆団', 'バウンダリー', 'the paddles', 'film girl', 'RAF CHRONICLE', '[司会] 飯室大吾(FM802)']",17:30:00,18:00:00
29,2018-10-31,梅田Zeela,梅田Zeela pre. Zeela 5th ANNIVERSARY直前企画「4.9周年！」,"['アシガルユース', 'The denkibran', 'ネコレクション', 'ロボトミートロボ', '佐久間丈幸Z(O.A)']",18:00:00,18:30:00
0,2018-11-01,梅田Zeela,どっちのHORIZICでショー　石川vs大阪〜ワンマン対決〜(育ち故郷大阪編)-梅田Zeela 5th ANNIVERSARY-,['HORIZIC'],19:00:00,19:30:00
1,2018-11-02,梅田Zeela,SQUARE -梅田Zeela 5th ANNIVERSARY-,"['神はサイコロを振らない', 'VOI SQUARE CAT', '脳内リフレイン', '暴想ソプラノバイエルン']",18:00:00,18:30:00
2,2018-11-03,梅田Zeela,DEAR KISS☓Meik LIVE TOUR2018 -2部-,"['DEAR KISS', 'Meik', '[GUEST ACT]我儘ラキア']",17:30:00,18:00:00
3,2018-11-03,梅田Zeela,DEAR KISS☓Meik LIVE TOUR2018 -1部-,"['DEAR KISS', 'Meik', '[GUEST ACT]我儘ラキア']",13:00:00,13:30:00
4,2018-11-04,梅田Zeela,GROOVYROOMS 2018 supported Heineken,"['YOKOYURE', 'bonobos', 'BAGDAD CAFE THE trench town', 'ズクナシ', 'チプルソ', 'Michael Kaneko', 'ワンダフルボーイズ', 'ものんくる', 'showmore', 'CHAN-MIKA', 'まきちゃんぐ', 'Ryu Matsuyama', 'Ajara', 'tio', 'Soulflex', 'K-106', 'NAGAN SERVER', 'L.L.K.P', 'Blue Vintage', 'Lainy J Groove', 'トレモノ/ ナチュラルキラーズ', 'Scarf & the SuspenderS', 'YARD VIBES BAND', 'ハロルド', '太陽のくしゃみ', '宇田川別館バンド', 'The Hey Song', 'Hiplin', 'Heartful★Funks', 'JYONGRI', 'Lenon', 'HI-KING TAKASE', 'ちなげ', 'Candy Makes (you) Strong', 'ソウルズ', 'EMPTY KRAFT', 'shule And christmas', 'Amy', 'SATTU crew']",00:00:00,00:00:00
5,2018-11-05,梅田Zeela,presented by TANAKA KOKI【raise action】count 1 with Pulse Factory-梅田Zeela 5th ANNIVERSARY-（勝手に）,"['KOKI', 'Pulse Factory']",18:30:00,19:00:00
6,2018-11-06,梅田Zeela,カヨコ presents... [cannibattle] vol.3 with Band カヨコ vs クアイフ -梅田Zeela 5th ANNIVERSARY-,"['カヨコ', 'クアイフ']",18:30:00,19:00:00
7,2018-11-07,梅田Zeela,梅田Zeela presents「Kick-Start!!」-梅田Zeela 5th ANNIVERSARY-,"['ポタリ', '宮脇早紀', 'chocol8 syndrome', 'BabySitter', 'nolala']",17:30:00,18:00:00
8,2018-11-08,梅田Zeela,Zeela5周年記念企画-UMEDA SATISFACTION-,"['D.W.ニコルズ', 'GOODWARP', 'シンガロンパレード', 'O.A POP ART TOWN']",17:30:00,18:00:00
9,2018-11-09,梅田Zeela,gibkiy gibkiy gibkiy one man tour 2018 “scar”-梅田Zeela 5th ANNIVERSARY-,['gibkiy gibkiy gibkiy'],19:00:00,19:30:00
10,2018-11-10,梅田Zeela,WONDER SKA TOURS 2018-梅田Zeela 5th ANNIVERSARY-,"['GELUGUGU', 'THE REDEMPTION', 'SKA PUNK ZOMBIES', 'SEVEN STEP', 'エイリアンズ', 'SCUMGAMES', 'DJ : なまこ(RUDY STEP)', 'MAY(RUDY STEP)']",17:00:00,17:30:00
11,2018-11-11,梅田Zeela,"avengers in sci-fi ""Pixels Tour"" -梅田Zeela 5th ANNIVERSARY-",['avengers in sci-fi'],17:30:00,18:00:00
12,2018-11-12,梅田Zeela,梅田Zeela presents「Zeela5周年記念祭」,"[""THURSDAY'S YOUTH"", 'LINE wanna be Anchors', 'Hakubi', 'tenoto']",18:00:00,18:30:00
13,2018-11-13,梅田Zeela,ライブハウスは遊び場です。-powered by DAIGO IIMURO from FM802-梅田Zeela 5th ANNIVERSARY,"['THE PINBALLS', '八十八ヶ所巡礼', '空きっ腹に酒', '[O.A]INNOSENT in FORMAL', '[DJ&MC] 飯室大吾(FM802)']",18:00:00,18:30:00
14,2018-11-14,梅田Zeela,reading note presents「otonication」vol.15  -梅田Zeela 5th ANNIVERSARY-,"['reading note', 'postman', 'オトループ', 'HIGH BONE MUSCLE', 'goodtimes']",18:30:00,19:00:00
15,2018-11-15,梅田Zeela,Umeda Zeela 5th Anniversary AddicteD,"['MOP of HEAD', 'CoBra industry', 'SMOOTHIES', '密会と耳鳴り', '(O.A)LOCANDA']",18:30:00,19:00:00
16,2018-11-16,梅田Zeela,Umeda Zeela 5th Anniversary,"['BACK-ON', 'THE GAME SHOP', 'DÉ DÉ MOUSE & Akinori Yamamoto from LITE (HARDCORE session)', 'O.A:HUL OVER']",18:00:00,18:30:00
17,2018-11-17,梅田Zeela,initial'L × iMagic. 2MAN TOUR『WAR with a PRIDE』,"[""initial'L"", 'iMagic.']",18:00:00,19:00:00
18,2018-11-18,梅田Zeela,nano.RIPE 20th anniversary ONE MAN TOUR 2018 「きせきのつるぎ」-梅田Zeela 5th ANNIVERSARY-,['nano.RIPE'],17:00:00,17:30:00
19,2018-11-19,梅田Zeela,梅田Zeela pre.UNDER GROUND FIGHT!!!!vol.4-梅田Zeela 5th ANNIVERSARY-,"['ROACH', 'revenge my LOST', 'HARVEST', 'SOUNDWITCH', 'PANORAMA', '(O.A.)Veinrot']",17:30:00,18:00:00
20,2018-11-20,梅田Zeela,"CHASED BY GHOST OF HYDEPARK pre.[HUNTING GROUND -Phase3-] 2nd.MiniAlbum ""HUNTING GROUND"" Release Event","['CHASED BY GHOST OF HYDEPARK', 'LIBERATE', 'New Side Chapter', 'oddfive', 'Mr.EggPlant']",17:30:00,18:00:00
21,2018-11-21,梅田Zeela,梅田Zeela pre. Icchie ONE MAN SHOW～年に一度のイイッツィィィィーーーー!!!!!!!!!!の日-梅田Zeela 5th ANNIVERSARY-,['Icchie'],18:30:00,19:00:00
22,2018-11-22,梅田Zeela,ジーラワゴチャイニナリマシタ～一旦、全員集合(^O^)～-梅田Zeela 5th ANNIVERSARY-,"['SONG ORDER（解散したバンド）', 'ダブディフォー', 'FAREWELL MY FAITH', 'EPIC MONSTER', '絶倫太郎', 'ゼウス', 'MASASHI', '柴田裕一朗', 'BxAxG', 'HUL OVER']",15:30:00,16:00:00
23,2018-11-23,梅田Zeela,IDOL SHOWER 2018 ～梅田Zeela 5th ANNIVERSARY SP～,"['いのうえまなみ', 'pomme rose', '少女探偵ななゆか(名古屋)', '織姫那奈', 'Lunaticu Alice', '早乙女麗那/海と空の中間地点', 'AiLi(東京)', '向日葵', '3stone', 'Merry Cute', 'Keeper Girls', 'TOYZ', 'トリアエズアイドル', 'M!YU.(宮崎)']",16:00:00,16:15:00
24,2018-11-23,梅田Zeela,IDOL SHOWER 2018 ～梅田Zeela 5th ANNIVERSARY SP～,"['いのうえまなみ', 'pomme rose', 'アモレカリーナ大阪', 'DONDOLI', '堀江学院', 'ベアマイ', 'TOYZ', 'AiLi(東京)', 'M!YU.(宮崎)', '織姫那奈', 'パンプキンプーキー', '早乙女麗那', 'Lunaticu Alice', 'トリアエズアイドル', '少女探偵ななゆか(名古屋)', '海と空の中間地点']",10:00:00,10:15:00
25,2018-11-24,梅田Zeela,winter tour「三角形の解き方」(梅田Zeela 5th ANNIVERSARY MONTH),['葵-168-'],17:00:00,17:30:00
26,2018-11-25,梅田Zeela,「バンド名だけでメタルバンドって勘違いされがちの僕は、バイトの面接に落ちた。全国ツアー2018-2019」,"['バンドハラスメント', 'Pulse Factory', 'QoN']",16:00:00,16:30:00
27,2018-11-26,梅田Zeela,#SELECTION999 -梅田Zeela 5th ANNIVERSARY-,"['UNMASK aLIVE', 'OLTER CURRENT', 'Re:vive', '#000000has_it_all.', 'UANDistory', 'BLUE ECHO']",18:00:00,18:30:00
28,2018-11-27,梅田Zeela,梅田Zeela pre.UNDER GROUND FIGHT!!!!vol.5-梅田Zeela 5th ANNIVERSARY-,"['THE MUSMUS', '彼女 IN THE DISPLAY', 'ANARCHY STONE', 'YOUR LAST DIARY', 'THE SALA', '82回目の終身刑', 'MEET ME SATURDAY']",17:00:00,17:30:00
29,2018-11-28,梅田Zeela,梅田Zeela presents「TRIAL3」-梅田Zeela 5th ANNIVERSARY-,"['嘘とカメレオン', 'Half time Old', 'バンドごっこ']",18:30:00,19:00:00
30,2018-11-29,梅田Zeela,Zeela5周年記念企画「HIKICHIGIRERU」,"['それでも尚、未来に媚びる (レコ発)', 'ソウルフード (レコ発)', 'THE→CHINA WIFE MOTORS', '首振りDolls', 'ANABANTFULLS(レコ発)', 'ガナリヤ、サイレントニクス']",17:30:00,18:00:00
31,2018-11-30,梅田Zeela,SUPER SLUGGER -梅田Zeela 5th ANNIVERSARY-,"['ISAAC', 'THE Hitch Lowke', 'THREEOUT', 'AILEVENT']",18:00:00,18:30:00
0,2018-12-01,梅田Zeela,東名阪 2MAN TOUR「FED×JLK」振替公演,"['Far East Dizain', 'JILUKA']",17:30:00,18:00:00
1,2018-12-02,梅田Zeela,「カフェインワンマンライブ〜 大阪編 〜」,['カフェイン【バンド】Gt.元:内山/Gt.SHOMA/Ba.ぴょん/Dr.ふく丸'],16:30:00,17:00:00
2,2018-12-03,梅田Zeela,RIGEL「OVER...」＆「Abelia」Release Tour FINAL OSAKA,"['RIGEL', 'CHASED BY GHOST OF HYDEPARK', 'FIRE ARROW', 'CAUSE A STORM', 'ソウルズ']",17:30:00,18:00:00
3,2018-12-05,梅田Zeela,ofutonの部屋～朝が来ないぜエビバディ～-梅田Zeela 5th ANNIVERSARY-,"['ofuton', '暁音', 'shule And christmas', 'トライコット']",18:30:00,19:00:00
4,2018-12-06,梅田Zeela,Any Doubt pre.1st mini album「A」release event,"['Any Doubt', 'YOUR LAST DIARY', 'The Foobars(東京)', 'LEAVE MY THRONE']",18:00:00,18:30:00
5,2018-12-07,梅田Zeela,TOUR 2018 THANK YOU FOR MYCLONE -梅田Zeela 5th ANNIVERSARY-,"[""THE MICRO HEAD 4N'S""]",18:00:00,18:30:00
6,2018-12-08,梅田Zeela,HALL RENTAL,['coming soon...'],00:00:00,00:00:00
7,2018-12-09,梅田Zeela,LIVE SHOWER 2018,"['やんねこF', 'Lapis Lazuli', 'ぶるっくりん', 'Mission2', 'ヒガシヨドガワバンド']",16:00:00,16:30:00
8,2018-12-09,梅田Zeela,Specious☆ZOW,['Specious☆ZOW'],19:15:00,20:00:00
9,2018-12-10,梅田Zeela,Zeela presents「SUPER★NOVA」-梅田Zeela 5th ANNIVERSARY-,"['脳内リフレイン', '暴想ソプラノバイエルン', '齊藤真生(UNIQUE PROJECT)', 'EPIC MONSTER', 'YEAH BOY COMPANY', 'and more...']",18:00:00,18:30:00
10,2018-12-11,梅田Zeela,SHIVA New Single「百舌鳥-MOZU-」リリース東名阪主催ツアー「百舌鳥ノ産声」-梅田Zeela 5th ANNIVERSARY-,"['SHIVA', 'MICBAM', 'MEIDARA', 'CieLGraVE']",16:30:00,17:00:00
11,2018-12-12,梅田Zeela,セッションライブしよう♪,"['ルーキーズ', 'GRAMOROUS GIRLS♡', '月の光', 'わーい！！', 'ぱんちくりんピーナッツ', '和ロッケストラ', 'ソルティライチ', 'マキシマムザ男性ホルモン', 'とりっぴーず', 'ラウレア（幸福）', 'ヤリ逃げ愛子']",00:00:00,00:00:00
12,2018-12-13,梅田Zeela,"Zeela5周年記念企画-UMEDA EXPLOSION- ナイトサファリ『2nd ep.""夕凪の果て、繋いで願う""Release Tour』 Arakezuri 1st mini album 『結果論』release tour""明日の日々を植える日々""TOUR","['ナイトサファリ', 'Arakezuri', '然れど', 'キャストライト', 'Sleep Slope', 'Lailah']",17:30:00,18:00:00
13,2018-12-14,梅田Zeela,Pulse Factory presents アルバムリリースイベント大阪編 -梅田Zeela 5th ANNIVERSARY-,"['Pulse Factory', 'Mr.FanTastiC', 'S!N', '(O.A)Chased by ghost of HYDEPARK']",18:00:00,18:30:00
14,2018-12-15,梅田Zeela,BASS ON TOP大阪梅田店Presents ウメダコネクション　Vol.46～大忘年会1日目～-梅田Zeela 5th ANNIVERSARY-,"['STM', '澪標', 'ROBO&PEACE', '掛川エミ', 'パプリカ', 'BUST OUT PARTY', 'Southgram', 'TOGANO BOYS']",15:30:00,16:00:00
15,2018-12-16,梅田Zeela,BASS ON TOP大阪梅田店Presents ウメダコネクション Vol.47～大忘年会2日目～-梅田Zeela 5th ANNIVERSARY-,"['Richard  Roe', 'よほほ', 'Re-Re-Re', 'EPIC MONSTER', 'Arte Macchina', 'ユーフラテス', 'Ka:y@', 'TOGANO BOYS', '【サブステージ】DJ ADDZ']",15:30:00,16:00:00
16,2018-12-17,梅田Zeela,梅田Zeela 5周年×変態理科の先生 彼女いない歴10周年記念企画「理科フェスvol.4～革命前夜～」,"['カネヨリマサル', 'chouchou', '徳永由希', 'AKANOTANIN', '忘憂', '水中スピカ', 'ジャガー西宮 [DJ] 変態理科の先生']",17:30:00,18:00:00
17,2018-12-18,梅田Zeela,NANIWAdelic＠梅田Zeela 「平成最後の忘年会！！」 -梅田Zeela 5th ANNIVERSARY-,"['河内REDS', '未遂ドロップス', 'Dr.FOOL', '佐久間丈幸Z', '.Room', '[MC] span!']",18:00:00,18:30:00
18,2018-12-19,梅田Zeela,Veinrot 無料ワンマンライブ,"['Veinrot', 'O.A有り']",17:30:00,18:00:00
19,2018-12-20,梅田Zeela,Zeela 5周年記念企画 激唱！紅白歌合戦！,"['カヨコ', 'ソウルフード', 'Bray me', 'LONE', 'みるきーうぇい', 'i am you are', '［O.A］CAT ATE HOTDOGS']",16:30:00,17:00:00
20,2018-12-21,梅田Zeela,FRIDAY THE 21TH（21日の金曜日）-梅田Zeela 5th ANNIVERSARY-,"['revenge my LOST', 'ストロベリーソングオーケストラ', 'odd five']",18:30:00,19:00:00
21,2018-12-22,梅田Zeela,京府医ジョイント,"['夜しか眠れない事は無い\t/ I’z', '[Alexaidros]', 'spicy hot dog', 'プリティたまき', 'GATWIMPS', '深紫', '\r\n Ayumie', 'きょろらいぷ(偽)', 'EROzaWaRAPPIN’', 'コンテンポラリーな留年', 'たけのこの森', 'ハルカトモユキ']",11:30:00,12:00:00
22,2018-12-23,梅田Zeela,チャッピー企画,"['奥野プロジェクト', '知らぬが仏', 'NiL', 'ジェッタシー', 'おやすみホログラム', 'NISHIKAWA CHAP-PY GENERATION', 'BELLA!', 'the HEINEKENS', 'ぷぅー', '品種', 'サッポロ生ビール黒ラベル', '9mm ~キミとボクのキョリ~']",12:40:00,13:00:00
23,2018-12-24,梅田Zeela,HALL RENTAL,['coming soon...'],00:00:00,00:00:00
24,2018-12-25,梅田Zeela,HUL OVER presents.ハウルの響く音!!平成Last X`mas編～会場限定2nd mini album「JINX」release party～,"['HUL OVER', 'MOLE HiLL', '脳内リフレイン']",18:00:00,18:30:00
25,2018-12-26,梅田Zeela,教育大学ジョイントライブ２０１８～後期～,"['大阪教育大学 軽音楽部', '京都教育大学 フォークソングクラブ', '兵庫教育大学 軽音楽部']",00:00:00,00:00:00
26,2018-12-27,梅田Zeela,ばんびっ子単独公演〜はじめてのこじか発表会〜,['ばんびっ子'],17:00:00,18:00:00
27,2018-12-28,梅田Zeela,「POWER PLAYER vol.4」@梅田Zeela,['coming soon….'],10:30:00,11:00:00
28,2018-12-28,梅田Zeela,Obento Idole 2ndワンマンLIVE『はじまりのバンケット』,['Obento Idole'],18:00:00,18:30:00
29,2018-12-29,梅田Zeela,HALL RENTAL,['coming soon...'],00:00:00,00:00:00
30,2018-12-30,梅田Zeela,tour the Yabadabadoo!,['THE BLACK COMET CLUB BAND'],17:30:00,18:00:00
0,2019-01-08,梅田Zeela,"オルカリズム vol.5 -""Where is my...???"" Tour 2018-2019 TOUR FINAL!!!-","['OLTER CURRENT', 'and more...']",00:00:00,00:00:00
1,2019-01-09,梅田Zeela,MAGIC HOUR,"['soratobiwo', 'OCEAN', 'RAF CHRONICLE', 'ippuku', 'and more!!']",00:00:00,00:00:00
2,2019-01-10,梅田Zeela,anfiel ONEMAN LIVE TOUR 2019［ LiFE GOES ON ],['アンフィル'],18:00:00,18:30:00
3,2019-01-11,梅田Zeela,anfiel ONEMAN LIVE TOUR 2019［ LiFE GOES ON ],['アンフィル'],18:00:00,18:30:00
4,2019-01-23,梅田Zeela,YEAH BOY COMPANY pre シャツ発企画「イェーボーイの泉Vol.2」,"['YEAH BOY COMPANY', 'and more...']",17:30:00,18:00:00
5,2019-01-25,梅田Zeela,SEX MACHINEGUNS 首振りDolls ツアー【 SEX Dolls 】,"['SEX MACHINEGUNS', '首振りDolls']",18:30:00,19:00:00
6,2019-01-26,梅田Zeela,"majiko presents 「new EP ”COLOR” Release Party ~Come on, LIVE or Regret~」",['majiko'],17:15:00,18:00:00
7,2019-01-27,梅田Zeela,"DracoVirgo 3rd LIVE TOUR ""Opportunity 2019""",['DracoVirgo'],17:00:00,17:30:00
0,2019-02-01,梅田Zeela,キミのエソラゴト presents.1st mini album『ソライロ』release live『ソライロ』,"['キミのエソラゴト', 'and more...']",17:30:00,18:00:00
1,2019-02-08,梅田Zeela,Half time Old「真夜中の失踪に聡明と音楽」リリースツアー,"['Half time Old', '神はサイコロを振らない', 'reGretGirl']",18:30:00,19:00:00
2,2019-02-09,梅田Zeela,"LSN TOUR ""MODO-NOSTRA"" 2019 DARK HEROISM",['LSN'],17:00:00,17:30:00
3,2019-02-21,梅田Zeela,田澤孝介 ワンマンライブ「Ballad Box Tour 2019」,"['田澤孝介', '【サポートメンバー】Pf.山本裕太']",18:30:00,19:00:00
4,2019-02-23,梅田Zeela,gremlins tour 2019 welcome to mischievous,['gremlins'],16:00:00,16:30:00
5,2019-02-24,梅田Zeela,ワダキョウダイ 主催 イベント vol.2,"['ワダキョウダイ', 'FAREWELL MY FAITH', 'MIRA', 'and more...']",00:00:00,00:00:00
0,2019-03-02,梅田Zeela,紅蝉主催「記号蒐集家の為の葬送夜奏#14」,"['紅蝉', 'for severe addicts only', '午前零時。/ Crucifixion', 'Magistina Saga', '虚飾集団廻天百眼', 'OA:即ち性。']",16:00:00,16:30:00
1,2019-03-08,梅田Zeela,イネムリだるま 1st mini album『うたた寝』release special live『-REM- あなたの眠気覚ましにきました』,"['イネムリだるま', 'and more!!']",18:00:00,18:30:00
2,2019-03-09,梅田Zeela,青野美沙稀＆The Jackpot One man Show,['青野美沙稀'],00:00:00,00:00:00
3,2019-03-23,梅田Zeela,MASAKI 4thソロアルバム「PIT-LOW2」レコ発ツアー,"['★出演', 'Ba：MASAKI（CANTA、地獄カルテット、DAIDA LAIDA）/ Dr：JOE（DAIDA LAIDA、DASEIN、ELLEGUNS）/ Gt：YUKI（Rayflower、DUSTAR-3）/ Kb：都啓一（Rayflower）/ ★ゲスト', 'Gt：you（Janne Da Arc）']",16:30:00,17:00:00
4,2019-03-23,梅田Zeela,MASAKI 4thソロアルバム「PIT-LOW2」レコ発ツアー,"['★出演', 'Ba：MASAKI（CANTA、地獄カルテット、DAIDA LAIDA）/ Dr：JOE（DAIDA LAIDA、DASEIN、ELLEGUNS）/ Gt：YUKI（Rayflower、DUSTAR-3）/ Kb：都啓一（Rayflower）/ ★ゲスト', 'Gt：you（Janne Da Arc）']",19:00:00,19:30:00
0,2019-05-24,梅田Zeela,CHASED BY GHOST OF HYDEPARK ONEMAN SHOW [HUNTING GROUND] Final Phase-Dominate-,['CHASED BY GHOST OF HYDEPARK'],18:00:00,19:00:00
0,2019-09-07,梅田Zeela,YURAサマ40th Anniversarry Solo Concert「Colorful Life♪」,['YURAサマ'],17:00:00,17:30:00
